01/00-infamy.md#infamy	infâmia
01/00-infamy.md#a-proposal--santa-monica-coastal-resort--june-10-bf-0	uma-proposta--resort-costeiro-de-santa-mônica--10-de-junho-aq-0
01/00-infamy.md#a-desperate-plea--mojave-tent-slums--june-11-bf-0	um-apelo-desesperado--barracas-do-mojave--11-de-junho-aq-0
01/00-infamy.md#just-in-case--skid-row--june-13-bf-0	só-por-garantia--na-quebrada--13-de-junho-aq-0
01/00-infamy.md#lack--the-zentropic-return--march-13-af-9	lapso--o-retorno-zentrópico--13-de-março-dq-9
01/00-infamy.md#reunion--echo-blue-sector--march-13-af-9	reunião--setor-echo-blue--13-de-março-dq-9
01/00-infamy.md#aimless--get-your-ass-to-mars-swarm--march-1320-af-9	sem-rumo--enxame-vá-a-marte--13-20-de-março-dq-9
01/00-infamy.md#narcos--danger-noodle--march-20-af-9	narcos--danger-noodle--20-de-março-dq-9
01/00-infamy.md#opportunity--bateaux--march-22-af-9	oportunidade--bateaux--22-de-março-dq-9
01/00-infamy.md#reflection--tall-red-sector--march-22-af-9	reflexo--setor-tall-red--22-de-março-dq-9
01/00-infamy.md#new-client--bateaux--august-2-af-9	novo-cliente--bateaux--2-de-agosto-dq-9
01/00-infamy.md#prank--danger-noodle--august-11-af-9	pegadinha--danger-noodle--11-de-agosto-dq-9
01/00-infamy.md#negotiation--echo-blue-sector--august-11-af-9	negociação--setor-echo-blue--11-de-agosto-dq-9
01/00-infamy.md#revelations--no-turning-back-cargo-freighter--august-14-af-9	revelações--cargueiro-no-turning-back-14-de-agosto-dq-9
02/00-starting-out.md#starting-out	começando
02/01-what-is-ep.md#what-is-eclipse-phase	o-que-é-eclipse-phase
02/01-what-is-ep.md#new-to-roleplaying	novato-em-rpg
02/01-what-is-ep.md#starting-players	jogadores-iniciantes
02/01-what-is-ep.md#starting-gamemasters	mestres-de-jogo-iniciantes
02/01-what-is-ep.md#a-note-on-politics	uma-nota-sobre-política
02/01-what-is-ep.md#a-note-on-terminology-sex-and-gender	uma-nota-sobre-terminologia-sexo-e-gênero
02/02-core-concepts.md#core-concepts	conceitos-principais
02/02-core-concepts.md#transhumanism	transumanismo
02/02-core-concepts.md#ais-and-uplifts	ias-e-elevados
02/02-core-concepts.md#defeating-death	derrotando-a-morte
02/02-core-concepts.md#resleeving	reencape
02/02-core-concepts.md#ego-manipulation	manipulação-do-ego
02/02-core-concepts.md#the-mesh	a-mesh
02/02-core-concepts.md#table-talk	conversas-na-mesa
02/02-core-concepts.md#nanotech	nanotecnologia
02/02-core-concepts.md#x-risks	riscos-x
02/02-core-concepts.md#alien-exploration	exploração-alienígena
02/02-core-concepts.md#factions	facções
02/03-themes.md#themes	temas
02/03-themes.md#post-apocalyptic	pós-apocalipse
02/03-themes.md#survival	sobrevivência
02/03-themes.md#horror	horror
02/03-themes.md#infection	infecção
02/03-themes.md#conspiracy	conspiração
02/03-themes.md#science	ciência
02/03-themes.md#politics	política
02/03-themes.md#change	mudança
02/04-core-campaigns.md#core-campaigns	campanhas-principais
02/04-core-campaigns.md#firewall-campaign	campanha-da-firewall
02/04-core-campaigns.md#firewall-sunward-ops	firewall-operações-na-solárea
02/04-core-campaigns.md#firewall-rimward-ops	firewall-operações-na-limiárea
02/04-core-campaigns.md#gatecrashing-campaign	campanha-de-desbravamento
02/04-core-campaigns.md#gatecrashing-ops	operações-de-desbravamento
02/04-core-campaigns.md#criminal-campaign	campanha-criminal
02/04-core-campaigns.md#criminal-guanxi-ops	operações-criminais-guanxi
02/04-core-campaigns.md#alternative-campaigns	campanhas-alternativas
02/05-character-archetypes.md#character-archetypes	arquétipos-de-personagem
02/05-character-archetypes.md#combat	combate
02/05-character-archetypes.md#social	social
02/05-character-archetypes.md#technical	técnico
02/05-character-archetypes.md#knowledge	conhecimento
02/06-setting-overview.md#setting-overview	panorama-do-cenário
02/06-setting-overview.md#inner-system	sistema-interior
02/06-setting-overview.md#main-belt	cinturão-principal
02/06-setting-overview.md#jovian-space	espaço-joviano
02/06-setting-overview.md#outer-system	sistema-exterior
02/06-setting-overview.md#the-fringe	a-periferia
02/06-setting-overview.md#exoplanets	exoplanetas
02/06-setting-overview.md#habitat-primer	básico-dos-habitats
02/06-setting-overview.md#the-mesh	a-mesh
03/00-game-mechanics.md#game-mechanics	mecânicas-do-jogo
03/01-how-to-play.md#how-to-play	como-jogar
03/01-how-to-play.md#dice-basics	o-básico-dos-dados
03/01-how-to-play.md#when-to-roll-the-dice	quando-rolar-os-dados
03/01-how-to-play.md#making-tests	fazendo-testes
03/01-how-to-play.md#who-rolls	quem-rola
03/01-how-to-play.md#difficulty-and-modifiers	dificuldade-e-modificadores
03/01-how-to-play.md#modifiers	modificadores
03/01-how-to-play.md#superior-results-3366-rule	resultados-maiores-regra-3366
03/01-how-to-play.md#criticals	críticos
03/01-how-to-play.md#defaulting	recorrendo
03/01-how-to-play.md#teamwork	trabalho-em-equipe
03/02-types-of-tests.md#types-of-tests	tipos-de-teste
03/02-types-of-tests.md#success-tests	testes-de-sucesso
03/02-types-of-tests.md#trying-again	tentando-novamente
03/02-types-of-tests.md#opposed-tests	testes-opostos
03/03-actions-and-time.md#actions--time	ações--tempo
03/03-actions-and-time.md#action-turns	turnos-de-ação
03/03-actions-and-time.md#automatic-actions	ações-automáticas
03/03-actions-and-time.md#quick-actions	ações-rápidas
03/03-actions-and-time.md#complex-actions	ações-complexas
03/03-actions-and-time.md#task-actions	ações-de-tarefa
03/03-actions-and-time.md#taking-time	aumentando-o-tempo
03/03-actions-and-time.md#rushing-the-job	apressando-o-trabalho
03/04-initiative-order-of-actions.md#initiative--order-of-actions	iniciativa--ordem-das-ações
03/04-initiative-order-of-actions.md#initiative-order	ordem-de-iniciativa
03/04-initiative-order-of-actions.md#taking-the-initiative	tomando-a-iniciativa
03/04-initiative-order-of-actions.md#delaying-actions	adiando-ações
03/04-initiative-order-of-actions.md#extra-actions	ações-extras
03/05-pools.md#pools	paradas
03/05-pools.md#using-pools	usando-paradas
03/05-pools.md#insight	inspiração
03/05-pools.md#moxie	manha
03/05-pools.md#vigor	vigor
03/05-pools.md#flex	flex
03/05-pools.md#recharging-pools	recarregando-paradas
03/05-pools.md#temporary-pools	paradas-temporárias
03/05-pools.md#dont-hoard	não-acumule
04/00-making-characters.md#making-characters	criando-personagens
04/01-character-stats.md#character-stats	atributos-do-personagem
04/01-character-stats.md#ego-vs-morph	ego-vs-morfo
04/01-character-stats.md#ego-stats	atributos-do-ego
04/01-character-stats.md#morph-stats	atributos-do-morfo
04/01-character-stats.md#aptitudes	aptidões
04/01-character-stats.md#aptitude-checks	provas-de-aptidão
04/01-character-stats.md#skills	perícias
04/01-character-stats.md#morph	morfo
04/01-character-stats.md#derived-stats	atributos-derivados
04/01-character-stats.md#derived-stat-formulas	fórmulas-de-atributos-derivados
04/01-character-stats.md#traits	traços
04/01-character-stats.md#rep	rep
04/01-character-stats.md#gear	equipamentos
04/01-character-stats.md#motivations	motivações
04/02-character-creation-overview.md#character-creation-overview	resumo-da-criação-de-personagem
04/03-character-creation-advice.md#character-creation-advice	conselhos-para-criação-de-personagem
04/03-character-creation-advice.md#create-as-a-group	crie-como-um-grupo
04/03-character-creation-advice.md#plan-ahead	planeje-com-antecedência
04/03-character-creation-advice.md#playing-an-async	interpretando-um-assincro
04/04-step-1-background.md#step-1-background	passo-1-antecedente
04/04-step-1-background.md#colonist	colono
04/04-step-1-background.md#enclaver	enclavado
04/04-step-1-background.md#freelancer	freelancer
04/04-step-1-background.md#hyperelite	hiperelite
04/04-step-1-background.md#indenture	arrendado
04/04-step-1-background.md#infolife	infovida
04/04-step-1-background.md#isolate	isolado
04/04-step-1-background.md#lost	perdido
04/04-step-1-background.md#underclass	miserável
04/04-step-1-background.md#uplift	elevado
04/04-step-1-background.md#random-background	antecedente-aleatório
04/05-step-2-career.md#step-2-career	passo-2-carreira
04/05-step-2-career.md#academic	acadêmico
04/05-step-2-career.md#covert-operative	agente-infiltrado
04/05-step-2-career.md#enforcer	capanga
04/05-step-2-career.md#explorer	explorador
04/05-step-2-career.md#face	malandro
04/05-step-2-career.md#genehacker	hacker-genético
04/05-step-2-career.md#hacker	hacker
04/05-step-2-career.md#investigator	investigador
04/05-step-2-career.md#medic	médico
04/05-step-2-career.md#mindhacker	hacker-mental
04/05-step-2-career.md#scavenger	sucateiro
04/05-step-2-career.md#scientist	cientista
04/05-step-2-career.md#soldier	soldado
04/05-step-2-career.md#techie	técnico
04/05-step-2-career.md#random-career	carreira-aleatória
04/06-step-3-interest.md#step-3-interest	passo-3-interesse
04/06-step-3-interest.md#animal-handler	tratador-de-animais
04/06-step-3-interest.md#artisticon	artistaícone
04/06-step-3-interest.md#async	assincro
04/06-step-3-interest.md#commander	comandante
04/06-step-3-interest.md#fighter	combatente
04/06-step-3-interest.md#forensics-specialist	perito-forense
04/06-step-3-interest.md#jack-of-all-trades	faz-tudo
04/06-step-3-interest.md#jammer	encarnador
04/06-step-3-interest.md#networker	socializador
04/06-step-3-interest.md#paramedic	paramédico
04/06-step-3-interest.md#pilot	piloto
04/06-step-3-interest.md#rogue	ladino
04/06-step-3-interest.md#slacker	hedonista
04/06-step-3-interest.md#spacer	espaçonauta
04/06-step-3-interest.md#student	estudante
04/06-step-3-interest.md#survivalist	sobrevivencialista
04/06-step-3-interest.md#random-interest	interesse-aleatório
04/07-step-4-faction.md#step-4-faction	passo-4-facção
04/07-step-4-faction.md#factions	facções
04/08-step-5-aptitude-template.md#step-5-aptitude-template	passo-5-modelo-de-aptidões
04/08-step-5-aptitude-template.md#actioneer	prático
04/08-step-5-aptitude-template.md#extrovert	extrovertido
04/08-step-5-aptitude-template.md#facilitator	facilitador
04/08-step-5-aptitude-template.md#factotum	generalista
04/08-step-5-aptitude-template.md#inquirer	indagador
04/08-step-5-aptitude-template.md#survivor	sobrevivente
04/08-step-5-aptitude-template.md#thrill-seeker	aventureiro
04/08-step-5-aptitude-template.md#aptitude-template	modelo-de-aptidões
04/09-step-6-total-skills.md#step-6-total-skills	passo-6-totalização-de-perícias
04/09-step-6-total-skills.md#skill-summaries	lista-de-perícias
04/10-step-7-languages.md#step-7-languages	passo-7-idiomas
04/11-step-8-flex.md#step-8-flex	passo-8-flex
04/12-step-9-reputation.md#step-9-reputation	passo-9-reputação
04/13-step-10-customization.md#step-10-customization	passo-10-personalização
04/13-step-10-customization.md#increased-aptitude	aumento-de-aptidão
04/13-step-10-customization.md#ego-traits	traços-de-ego
04/13-step-10-customization.md#increased-flex	aumento-de-flex
04/13-step-10-customization.md#extra-languages	idiomas-adicionais
04/13-step-10-customization.md#extra-rep	rep-adicional
04/13-step-10-customization.md#extra-skills	perícias-adicionais
04/13-step-10-customization.md#psi-sleights	truques-psi
04/13-step-10-customization.md#specializations	especializações
04/13-step-10-customization.md#customization-costs	custos-de-personalização
04/14-step-11-derived-stats.md#step-11-derived-stats	passo-11-atributos-derivados
04/15-step-12-starting-morph-gear.md#step-12-starting-morph--gear	passo-12-morfo--equipamentos-iniciais
04/15-step-12-starting-morph-gear.md#starting-morphs	morfos-iniciais
04/15-step-12-starting-morph-gear.md#morph-traits	traços-de-morfo
04/15-step-12-starting-morph-gear.md#extra-gear	equipamentos-adicionais
04/15-step-12-starting-morph-gear.md#flex-points	pontos-de-flex
04/16-step-13-motivations.md#step-13-motivations	passo-13-motivações
04/16-step-13-motivations.md#optional-motivational-goals	opcional-objetivos-motivacionais
04/16-step-13-motivations.md#motivation-examples	motivações-de-exemplo
04/17-final-touches.md#final-touches	toques-finais
04/17-final-touches.md#point-buy-character-creation	criação-de-personagem-por-pontos
04/18-skills.md#skills	perícias
04/18-skills.md#skills-and-aptitudes	perícias-e-aptidões
04/18-skills.md#aptitude-ranges	faixas-de-aptidão
04/18-skills.md#skill-ranges	faixas-de-perícia
04/18-skills.md#skill-categories	categorias-de-perícia
04/18-skills.md#field-skills	perícias-de-área
04/18-skills.md#specializations	especializações
04/19-active-skill-list.md#active-skill-list	lista-de-perícias-ativas
04/19-active-skill-list.md#skill-list	lista-de-perícias
04/19-active-skill-list.md#athletics	atletismo
04/19-active-skill-list.md#deceive	enganação
04/19-active-skill-list.md#exotic-skill-field	perícia-exótica-área
04/19-active-skill-list.md#fray	evasão
04/19-active-skill-list.md#free-fall	queda-livre
04/19-active-skill-list.md#guns	tiro
04/19-active-skill-list.md#hardware-field	aparelhagem-área
04/19-active-skill-list.md#infiltrate	infiltração
04/19-active-skill-list.md#infosec	infoseg
04/19-active-skill-list.md#interface	interface
04/19-active-skill-list.md#kinesics	cinésica
04/19-active-skill-list.md#medicine-field	medicina-área
04/19-active-skill-list.md#melee	luta
04/19-active-skill-list.md#perceive	percepção
04/19-active-skill-list.md#persuade	persuasão
04/19-active-skill-list.md#pilot-field	pilotagem-área
04/19-active-skill-list.md#program	programação
04/19-active-skill-list.md#provoke	provocação
04/19-active-skill-list.md#psi	psi
04/19-active-skill-list.md#research	pesquisa
04/19-active-skill-list.md#survival	sobrevivência
04/20-know-skills.md#know-skills	perícias-de-saber
04/20-know-skills.md#know-field	saber-área
04/20-know-skills.md#academics	acadêmicas
04/20-know-skills.md#arts	artes
04/20-know-skills.md#interests	interesses
04/20-know-skills.md#professional-training	treinamentos-profissionais
04/20-know-skills.md#using-know-skills	usando-perícias-de-saber
04/20-know-skills.md#the-knowledge-behind-active-skills	o-conhecimento-por-trás-das-perícias-ativas
04/20-know-skills.md#complementary-skills	perícias-complementares
04/20-know-skills.md#complementary-skill-bonus-table	tabela-de-bônus-de-perícia-complementar
04/21-morphs.md#morphs	morfos
04/21-morphs.md#morph-list	lista-de-morfos
04/22-common-biomorphs.md#common-biomorphs	biomorfos-comuns
04/22-common-biomorphs.md#biomorphs-with-cyberbrains	biomorfos-com-cibercérebros
04/22-common-biomorphs.md#flat	intocado
04/22-common-biomorphs.md#flat-1	intocado-1
04/22-common-biomorphs.md#splicer	tratado
04/22-common-biomorphs.md#splicer-1	tratado-1
04/22-common-biomorphs.md#exalt	exalto
04/22-common-biomorphs.md#exalt-1	exalto-1
04/22-common-biomorphs.md#neotenic	neotênico
04/22-common-biomorphs.md#neotenic-1	neotênico-1
04/22-common-biomorphs.md#ruster	ferrugeiro
04/22-common-biomorphs.md#ruster-1	ferrugeiro-1
04/22-common-biomorphs.md#bouncer	quicante
04/22-common-biomorphs.md#bouncer-1	quicante-1
04/22-common-biomorphs.md#futura	futura
04/22-common-biomorphs.md#futura-1	futura-1
04/22-common-biomorphs.md#hibernoid	hibernoide
04/22-common-biomorphs.md#hibernoid-1	hibernoide-1
04/22-common-biomorphs.md#menton	menton
04/22-common-biomorphs.md#menton-1	menton-1
04/22-common-biomorphs.md#olympian	olímpico
04/22-common-biomorphs.md#olympian-1	olímpico-1
04/22-common-biomorphs.md#sylph	sílfide
04/22-common-biomorphs.md#sylph-1	sílfide-1
04/22-common-biomorphs.md#fury	fúria
04/22-common-biomorphs.md#fury-1	fúria-1
04/22-common-biomorphs.md#ghost	fantasma
04/22-common-biomorphs.md#ghost-1	fantasma-1
04/22-common-biomorphs.md#remade	refeito
04/22-common-biomorphs.md#remade-1	refeito-1
04/23-pod-biomorphs.md#pod-biomorphs	biomorfos-prods
04/23-pod-biomorphs.md#basic-pod	prod-básico
04/23-pod-biomorphs.md#basic-pod-1	prod-básico-1
04/23-pod-biomorphs.md#worker-pod	prod-de-trabalho
04/23-pod-biomorphs.md#worker-pod-1	prod-de-trabalho-1
04/23-pod-biomorphs.md#novacrab	novacarangu
04/23-pod-biomorphs.md#novacrab-1	novacarangu-1
04/23-pod-biomorphs.md#pleasure-pod	prod-de-prazer
04/23-pod-biomorphs.md#pleasure-pod-1	prod-de-prazer-1
04/23-pod-biomorphs.md#security-pod	prod-de-segurança
04/23-pod-biomorphs.md#security-pod-1	prod-de-segurança-1
04/23-pod-biomorphs.md#shaper	moldável
04/23-pod-biomorphs.md#shaper-1	moldável-1
04/24-uplift-biomorphs.md#uplift-biomorphs	biomorfos-elevados
04/24-uplift-biomorphs.md#neo-avian	neo-ave
04/24-uplift-biomorphs.md#neo-avian-1	neo-ave-1
04/24-uplift-biomorphs.md#neo-bonoboneo-chimpanzee	neo-bonoboneo-chimpanzé
04/24-uplift-biomorphs.md#neo-bonoboneo-chimpanzee-1	neo-bonoboneo-chimpanzé-1
04/24-uplift-biomorphs.md#neo-neanderthal	neo-neandertal
04/24-uplift-biomorphs.md#neo-neanderthal-1	neo-neandertal-1
04/24-uplift-biomorphs.md#neo-gorilla	neo-gorila
04/24-uplift-biomorphs.md#neo-gorilla-1	neo-gorila-1
04/24-uplift-biomorphs.md#neo-octopus	neo-polvo
04/24-uplift-biomorphs.md#neo-octopus-1	neo-polvo-1
04/24-uplift-biomorphs.md#neo-orangutan	neo-orangutango
04/24-uplift-biomorphs.md#neo-orangutan-1	neo-orangutango-1
04/25-synthmorphs.md#synthmorphs	sintemorfos
04/25-synthmorphs.md#synthmorph-characteristics	características-de-sintemorfos
04/25-synthmorphs.md#lack-of-biological-functions	ausência-de-funções-biológicas
04/25-synthmorphs.md#pain-filter	filtro-de-dor
04/25-synthmorphs.md#immunity-to-shock	imunidade-a-choques
04/25-synthmorphs.md#environmental-durability	durabilidade-ambiental
04/25-synthmorphs.md#toughness	resistência
04/25-synthmorphs.md#case	chapeado
04/25-synthmorphs.md#case-1	chapeado-1
04/25-synthmorphs.md#spare	sobressalente
04/25-synthmorphs.md#spare-1	sobressalente-1
04/25-synthmorphs.md#dragonfly	libélula
04/25-synthmorphs.md#dragonfly-1	libélula-1
04/25-synthmorphs.md#swarmanoid	enxamenoide
04/25-synthmorphs.md#swarmanoid-1	enxamenoide-1
04/25-synthmorphs.md#synth	sinte
04/25-synthmorphs.md#synth-1	sinte-1
04/25-synthmorphs.md#savant	savant
04/25-synthmorphs.md#savant-1	savant-1
04/25-synthmorphs.md#galatea	galateia
04/25-synthmorphs.md#galatea-1	galateia-1
04/25-synthmorphs.md#slitheroid	serpentoide
04/25-synthmorphs.md#slitheroid-1	serpentoide-1
04/25-synthmorphs.md#steel-morph	morfo-de-aço
04/25-synthmorphs.md#steel-morph-1	morfo-de-aço-1
04/25-synthmorphs.md#arachnoid	aracnoide
04/25-synthmorphs.md#arachnoid-1	aracnoide-1
04/25-synthmorphs.md#reaper	ceifeiro
04/25-synthmorphs.md#reaper-1	ceifeiro-1
04/25-synthmorphs.md#flexbot	flexbot
04/25-synthmorphs.md#flexbot-rules	regras-de-flexbots
04/25-synthmorphs.md#all-flexbots	todos-os-flexbots
04/25-synthmorphs.md#all-flexbots-1	todos-os-flexbots-1
04/25-synthmorphs.md#crafter-module	módulo-construtor
04/25-synthmorphs.md#crafter-module-1	módulo-construtor-1
04/25-synthmorphs.md#rogue-module	módulo-ladino
04/25-synthmorphs.md#rogue-module-1	módulo-ladino-1
04/25-synthmorphs.md#wizard-module	módulo-feiticeiro
04/25-synthmorphs.md#wizard-module-1	módulo-feiticeiro-1
04/25-synthmorphs.md#fighter-module	módulo-guerreiro
04/25-synthmorphs.md#fighter-module-1	módulo-guerreiro-1
04/26-infomorphs.md#infomorphs	infomorfos
04/26-infomorphs.md#digimorph	digimorfo
04/26-infomorphs.md#digimorph-1	digimorfo-1
04/26-infomorphs.md#ikon	ikon
04/26-infomorphs.md#ikon-1	ikon-1
04/26-infomorphs.md#agent	agente
04/26-infomorphs.md#agent-1	agente-1
04/26-infomorphs.md#operator	operador
04/26-infomorphs.md#operator-1	operador-1
04/27-gear-packs.md#gear-packs	pacotes-de-equipamentos
04/27-gear-packs.md#campaign-packs	pacotes-de-campanha
04/27-gear-packs.md#firewall-agentcriminal	agente-da-firewallcriminoso
04/27-gear-packs.md#-synthmorph-alternative	-alternativa-para-sintemorfo
04/27-gear-packs.md#gatecrashing	desbravador
04/27-gear-packs.md#-synthmorph-alternative-1	-alternativa-para-sintemorfo-1
04/27-gear-packs.md#optional-pack-infomorph	pacote-opcional-infomorfo
04/27-gear-packs.md#profession-packs	pacotes-de-profissão
04/27-gear-packs.md#academic	acadêmico
04/27-gear-packs.md#covert-operative	agente-infiltrado
04/27-gear-packs.md#-synthmorph-alternative-2	-alternativa-para-sintemorfo-2
04/27-gear-packs.md#enforcer	capanga
04/27-gear-packs.md#explorer	explorador
04/27-gear-packs.md#facedealer	malandro
04/27-gear-packs.md#genehacker	hacker-genético
04/27-gear-packs.md#hacker	hacker
04/27-gear-packs.md#investigator	investigador
04/27-gear-packs.md#medic	médico
04/27-gear-packs.md#mindhacker	hacker-mental
04/27-gear-packs.md#scavenger	sucateiro
04/27-gear-packs.md#scientist	cientista
04/27-gear-packs.md#soldier	soldado
04/27-gear-packs.md#-synthmorph-alternative-3	-alternativa-para-sintemorfo-3
04/27-gear-packs.md#techie	técnico
04/28-traits.md#traits	traços
04/28-traits.md#positive-traits	traços-positivos
04/28-traits.md#positive-ego-traits	traços-positivos-de-ego
04/28-traits.md#positive-morph-traits	traços-positivos-de-morfo
04/28-traits.md#acumen	perspicácia
04/28-traits.md#adaptability	adaptabilidade
04/28-traits.md#allies	aliados
04/28-traits.md#animal-empathy	empatia-com-animais
04/28-traits.md#common-sense	bom-senso
04/28-traits.md#composure	compostura
04/28-traits.md#contact	contato
04/28-traits.md#danger-sense	senso-de-perigo
04/28-traits.md#digital-speed	velocidade-digital
04/28-traits.md#direction-sense	sentido-direcional
04/28-traits.md#dominant-strain	cepa-dominante
04/28-traits.md#drone-affinity	afinidade-com-drones
04/28-traits.md#empathy	empatia
04/28-traits.md#expert-training	treinamento-especializado
04/28-traits.md#fitness	alto-desempenho
04/28-traits.md#good-instincts	bons-instintos
04/28-traits.md#hardening	calejamento
04/28-traits.md#hyper-linguistics	hiperlinguística
04/28-traits.md#improved-immune-system	sistema-imune-aperfeiçoado
04/28-traits.md#innocuous-looks	aparência-genérica
04/28-traits.md#lethal	letalidade
04/28-traits.md#limberness	flexibilidade
04/28-traits.md#morph-familiarity	familiaridade-com-morfo
04/28-traits.md#natural-immunity	imunidade-natural
04/28-traits.md#pain-tolerance	tolerância-à-dor
04/28-traits.md#patron	patrono
04/28-traits.md#psi	psi
04/28-traits.md#psi-camouflage	camuflagem-psi
04/28-traits.md#psi-defense	defesa-psi
04/28-traits.md#quickness	rapidez
04/28-traits.md#rapid-healing	cura-rápida
04/28-traits.md#resolve	determinação
04/28-traits.md#resources	recursos
04/28-traits.md#situational-awareness	consciência-situacional
04/28-traits.md#skill-artifact	resíduo-pericial
04/28-traits.md#spatial-visualization	visualização-espacial
04/28-traits.md#stalwart	intrépido
04/28-traits.md#striking-looks	aparência-marcante
04/28-traits.md#superior-numeracy	facilidade-com-números
04/28-traits.md#toughness	resistência
04/28-traits.md#zoosemiotics	zoosemiótica
04/28-traits.md#negative-traits	traços-negativos
04/28-traits.md#negative-ego-traits	traços-negativos-de-ego
04/28-traits.md#negative-morph-traits	traços-negativos-de-morfo
04/28-traits.md#addiction	vício
04/28-traits.md#age	velhice
04/28-traits.md#bad-luck	má-sorte
04/28-traits.md#black-mark	mácula
04/28-traits.md#blocklisted-rep	rep-bloqueada
04/28-traits.md#combat-paralysis	paralisia-de-combate
04/28-traits.md#dominant-limb	membro-dominante
04/28-traits.md#edited-memories	memórias-editadas
04/28-traits.md#enemy	inimigo
04/28-traits.md#enhanced-behavior	comportamento-acentuado
04/28-traits.md#exotic-morphology	morfologia-exótica
04/28-traits.md#feebleness	fraqueza
04/28-traits.md#frailty	fragilidade
04/28-traits.md#genetic-defect	defeito-genético
04/28-traits.md#hypersensitivity	hipersensibilidade
04/28-traits.md#identity-crisis	crise-de-identidade
04/28-traits.md#indifference	indiferença
04/28-traits.md#infection-risk	risco-de-infecção
04/28-traits.md#inherent-flaws	falhas-inerentes
04/28-traits.md#instability	instabilidade
04/28-traits.md#low-pain-tolerance	baixa-tolerância-à-dor
04/28-traits.md#memory-artifact	resíduo-memorial
04/28-traits.md#mental-disorder	transtorno-mental
04/28-traits.md#morphing-disorder	transtorno-mórfico
04/28-traits.md#neural-damage	dano-neural
04/28-traits.md#no-backup-insurance	sem-seguro-de-backup
04/28-traits.md#non-human-biochemistry	bioquímica-não-humana
04/28-traits.md#obliviousness	desatenção
04/28-traits.md#obtuseness	estupidez
04/28-traits.md#planned-obsolescence	obsolescência-programada
04/28-traits.md#poor-coordination	baixa-coordenação
04/28-traits.md#poor-instincts	maus-instintos
04/28-traits.md#proprietary-tech	tecnologia-proprietária
04/28-traits.md#psi-vulnerability	vulnerabilidade-psi
04/28-traits.md#real-world-naiveté	inexperiência-no-mundo-real
04/28-traits.md#restricted-behavior	comportamento-restrito
04/28-traits.md#sensitive	sensitividade
04/28-traits.md#severe-allergy	alergia-grave
04/28-traits.md#skill-glitch	defeito-pericial
04/28-traits.md#timidity	timidez
04/28-traits.md#unattractiveness	feiura
04/28-traits.md#vr-vertigo	vertigem-de-rv
04/28-traits.md#weak-immune-system	sistema-imune-debilitado
04/28-traits.md#zero-g-nausea	náusea-em-zero-g
04/29-character-creation-example.md#character-creation-example	exemplo-de-criação-de-personagem
05/00-sample-characters.md#sample-characters	personagem-prontos
06/00-how-it-came-to-be.md#how-it-came-to-be	como-aconteceu
06/01-slouching-towards-singularity.md#slouching-towards-singularity	vagueando-rumo-a-singularidade
06/01-slouching-towards-singularity.md#before-the-fall	antes-da-queda
06/01-slouching-towards-singularity.md#climate-crises	crises-climáticas
06/01-slouching-towards-singularity.md#disruptive-technologies	tecnologias-disruptivas
06/01-slouching-towards-singularity.md#a-new-space-race	uma-nova-corrida-espacial
06/01-slouching-towards-singularity.md#paradigm-shifts	mudanças-de-paradigma
06/01-slouching-towards-singularity.md#the-fall	a-queda
06/01-slouching-towards-singularity.md#the-titans	as-titans
06/01-slouching-towards-singularity.md#slow-burn	queima-lenta
06/01-slouching-towards-singularity.md#hot-war	guerra-quente
06/01-slouching-towards-singularity.md#extended-fight	combate-estendido
06/01-slouching-towards-singularity.md#exodus	êxodo
06/01-slouching-towards-singularity.md#after-the-fall	depois-da-queda
06/01-slouching-towards-singularity.md#reconsolidation	reconsolidação
06/01-slouching-towards-singularity.md#the-infugee-crisis	a-crise-dos-infugiados
06/01-slouching-towards-singularity.md#the-autonomist-threat	a-ameaça-autonomista
06/01-slouching-towards-singularity.md#the-lost-generation	a-geração-perdida
06/01-slouching-towards-singularity.md#pandora-gates	portões-de-pandora
06/01-slouching-towards-singularity.md#the-factors	os-factores
06/01-slouching-towards-singularity.md#morningstar	estrela-dalva
06/01-slouching-towards-singularity.md#the-path-ahead	o-caminho-adiante
06/02-timeline.md#timeline	cronologia
06/02-timeline.md#bf-8060	aq-8060
06/02-timeline.md#bf-6040	aq-6040
06/02-timeline.md#bf-4020	aq-4020
06/02-timeline.md#bf-200	aq-200
06/02-timeline.md#the-fall-2-years	a-queda-2-anos
06/02-timeline.md#af-010	dq-010
06/02-timeline.md#10-af	10-dq
07/00-accelerated-future.md#accelerated-future	futuro-acelerado
08/00-transhuman-culture.md#transhuman-culture	cultura-transumana
09/00-the-new-political-economy.md#the-new-political-economy	a-nova-economia-política
10/00-factions.md#factions	facções
11/00-system-gazetteer.md#system-gazetteer	catálogo-do-sistema
12/00-action-and-combat.md#action--combat	ação--combate
12/01-resolving-combat.md#resolving-combat	resolução-de-combate
12/01-resolving-combat.md#combat-summary	resumo-do-combate
12/01-resolving-combat.md#step-1-declare-attack	passo-1-declarar-o-ataque
12/01-resolving-combat.md#step-2-declare-defense	passo-2-declarar-a-defesa
12/01-resolving-combat.md#step-3-apply-modifiers	passo-3-aplicar-os-modificadores
12/01-resolving-combat.md#combat-modifiers	modificadores-de-combate
12/01-resolving-combat.md#step-4-make-opposed-test	passo-4-fazer-o-teste-oposto
12/01-resolving-combat.md#step-5-determine-result	passo-5-determinar-o-resultado
12/01-resolving-combat.md#step-6-roll-damage	passo-6-rolar-o-dano
12/01-resolving-combat.md#step-7-apply-armor	passo-7-aplicar-a-blindagem
12/01-resolving-combat.md#step-8-apply-damage	passo-8-aplicar-o-dano
12/01-resolving-combat.md#step-9-determine-wounds	passo-9-determinar-os-ferimentos
12/02-melee-combat.md#melee-combat	combate-de-luta
12/02-melee-combat.md#melee-ware	implantes-de-luta
12/02-melee-combat.md#melee-weapons	armas-de-luta
12/02-melee-combat.md#melee-rules	regras-de-luta
12/02-melee-combat.md#aggressive-attacks	ataques-agressivos
12/02-melee-combat.md#charging	investidas
12/02-melee-combat.md#grappling	agarramentos
12/02-melee-combat.md#multiple-targets	múltiplos-alvos
12/02-melee-combat.md#reach	extensão
12/02-melee-combat.md#touch-only-attacks	ataques-de-toque-simples
12/02-melee-combat.md#melee-modifiers	modificadores-de-luta
12/03-improvised-weapons.md#improvised-weapons	armas-improvisadas
12/04-ranged-combat.md#ranged-combat	combate-de-distância
12/04-ranged-combat.md#ranged-combat-rules	regras-de-combate-de-distância
12/04-ranged-combat.md#aiming	pontaria
12/04-ranged-combat.md#ammunition-and-reloading	munição-e-recarregamento
12/04-ranged-combat.md#firing-modes	modos-de-disparo
12/04-ranged-combat.md#firing-modes-1	modos-de-disparo-1
12/04-ranged-combat.md#indirect-fire	tiro-indireto
12/04-ranged-combat.md#range	alcance
12/04-ranged-combat.md#suppressive-fire	fogo-de-supressão
12/04-ranged-combat.md#ranged-modifiers	modificadores-de-distância
12/05-beam-weapons.md#beam-weapons	armas-de-feixe
12/05-beam-weapons.md#beam-weapon-ware	implantes-de-armas-de-feixe
12/05-beam-weapons.md#beam-weapons-1	armas-de-feixe-1
12/05-beam-weapons.md#beam-weapon-rules	regras-de-armas-de-feixes
12/05-beam-weapons.md#laser-blindness	cegueira-laser
12/05-beam-weapons.md#sweeping-fire	disparo-em-varredura
12/06-spray-weapons.md#spray-weapons	armas-de-spray
12/07-thrown-weapons.md#thrown-weapons	armas-de-arremesso
12/08-weapon-systems.md#weapon-systems	sistemas-de-armas
12/09-kinetic-weapons.md#kinetic-weapons	armas-cinéticas
12/09-kinetic-weapons.md#firearms	armas-de-fogo
12/09-kinetic-weapons.md#railguns	railguns
12/09-kinetic-weapons.md#kinetic-ammunition	munições-cinéticas
12/09-kinetic-weapons.md#smart-ammo	munições-inteligentes
12/09-kinetic-weapons.md#specialty-firearm-ammo	munições-especializadas-de-armas-de-fogo
12/10-seeker-weapons-and-grenades.md#seeker-weapons--grenades	armas-de-buscadores--granadas
12/10-seeker-weapons-and-grenades.md#seeker-missiles-and-grenades	mísseis-buscadores-e-granadas
12/10-seeker-weapons-and-grenades.md#seeker-and-grenade-rules	regras-de-buscadores-e-granadas
12/10-seeker-weapons-and-grenades.md#adjusting-blast-radius	ajustando-o-raio-de-explosão
12/10-seeker-weapons-and-grenades.md#jumping-on-grenades	saltando-em-granadas
12/10-seeker-weapons-and-grenades.md#sticky-coating	camada-aderente
12/10-seeker-weapons-and-grenades.md#throwing-back-a-grenade	arremessando-de-volta-uma-granada
12/10-seeker-weapons-and-grenades.md#trigger-conditions	condições-de-acionamento
12/11-armor.md#armor	blindagens
12/11-armor.md#energy-vs-kinetic	energética-vs-cinética
12/11-armor.md#armor-value	valor-de-blindagem
12/11-armor.md#layering-armor	camadas-de-blindagem
12/11-armor.md#armor-visibility	visibilidade-das-blindagens
12/11-armor.md#armor-ware	implantes-de-blindagem
12/11-armor.md#armor-gear	equipamentos-de-blindagem
12/12-weapon-gear-traits.md#weapongear-traits	traços-de-armasequipamentos
12/13-weapon-accessories.md#weapon-accessories	acessórios-de-armas
12/14-armor-mods.md#armor-mods	mods-de-blindagem
12/15-special-attacks.md#special-attacks	ataques-especiais
12/15-special-attacks.md#area-effect-attacks	ataques-de-área-de-efeito
12/15-special-attacks.md#centered-blast	explosão-centrada
12/15-special-attacks.md#cone	cone
12/15-special-attacks.md#uniform-blast	explosão-uniforme
12/15-special-attacks.md#scatter	desvio
12/15-special-attacks.md#attacks-against-the-helpless	ataques-contra-indefesos
12/15-special-attacks.md#blind-attacks	ataques-às-cegas
12/15-special-attacks.md#called-shots	ataques-precisos
12/15-special-attacks.md#bypass-armor	evitar-blindagem
12/15-special-attacks.md#disarm	desarmar
12/15-special-attacks.md#knockdown	derrubar
12/15-special-attacks.md#redirect	redirecionar
12/15-special-attacks.md#specific-target	alvo-específico
12/15-special-attacks.md#coated-weapons	armas-revestidas
12/15-special-attacks.md#demolitions	demolições
12/15-special-attacks.md#placing-explosives	instalando-explosivos
12/15-special-attacks.md#disarming-explosives	desarmando-explosivos
12/15-special-attacks.md#making-explosives	fabricando-explosivos
12/15-special-attacks.md#shock-attacks	ataques-de-choque
12/15-special-attacks.md#two-handed-weapons	armas-de-duas-mãos
12/15-special-attacks.md#wielding-two-or-more-weapons	empunhando-duas-ou-mais-armas
12/15-special-attacks.md#extra-melee-weapons	armas-de-luta-extras
12/15-special-attacks.md#extra-ranged-weapons	armas-de-distância-extras
12/16-physical-health.md#physical-health	saúde-física
12/16-physical-health.md#damage-points	pontos-de-dano
12/16-physical-health.md#damage-value	valor-de-dano
12/16-physical-health.md#durability	durabilidade
12/16-physical-health.md#wounds	ferimentos
12/16-physical-health.md#wound-effects	efeitos-de-ferimento
12/16-physical-health.md#bleeding-out	sangramento
12/16-physical-health.md#death-rating	grau-de-destruição
12/16-physical-health.md#death	morte
12/17-healing-and-repair.md#healing--repair	cura--reparo
12/17-healing-and-repair.md#biomorph-healing	cura-de-biomorfos
12/17-healing-and-repair.md#first-aid	primeiros-socorros
12/17-healing-and-repair.md#recovery	recuperação
12/17-healing-and-repair.md#critical-care	cuidados-críticos
12/17-healing-and-repair.md#synthmorphobject-repair	reparo-de-sintemorfosobjetos
12/17-healing-and-repair.md#healingrepair	curareparo
12/18-mental-health.md#mental-health	saúde-mental
12/18-mental-health.md#stress-points	pontos-de-estresse
12/18-mental-health.md#stress-categories	categorias-de-estresse
12/18-mental-health.md#lucidity-and-stress	lucidez-e-estresse
12/18-mental-health.md#stress-value	valor-de-estresse
12/18-mental-health.md#trauma	traumas
12/18-mental-health.md#trauma-effects	efeitos-de-trauma
12/18-mental-health.md#acute-stress-responses	respostas-de-estresse-agudo
12/18-mental-health.md#insanity-rating	grau-de-insanidade
12/19-mental-healing-and-psychosurgery.md#mental-healing--psychosurgery	cura-mental--psicocirurgia
12/19-mental-healing-and-psychosurgery.md#psychosurgery-care	cuidados-psicocirúrgicos
12/19-mental-healing-and-psychosurgery.md#natural-healing	cura-natural
12/19-mental-healing-and-psychosurgery.md#motivational-recovery	recuperação-motivacional
12/20-disorders.md#disorders	transtornos
12/20-disorders.md#alien-behavior-disorder	transtorno-de-comportamento-alienígena
12/20-disorders.md#anxiety	ansiedade
12/20-disorders.md#atavism	atavismo
12/20-disorders.md#attention-deficit-hyperactivity-disorder-adhd	transtorno-de-déficit-de-atenção-e-hiperatividade-tdah
12/20-disorders.md#autophagy	autofagia
12/20-disorders.md#bipolar-disorder	transtorno-bipolar
12/20-disorders.md#body-dysmorphia	dismorfia-corporal
12/20-disorders.md#conversion-disorder	transtorno-de-conversão
12/20-disorders.md#cosmic-anxiety-disorder	transtorno-de-ansiedade-cósmica
12/20-disorders.md#depression	depressão
12/20-disorders.md#disassociative-personality-disorder	transtorno-dissociativo-de-personalidade
12/20-disorders.md#fugue	fuga
12/20-disorders.md#impulse-control-disorder	transtorno-de-controle-de-impulsos
12/20-disorders.md#insomnia	insônia
12/20-disorders.md#narcissistic-personality-disorder	transtorno-de-personalidade-narcisista
12/20-disorders.md#paramnesia	paramnésia
12/20-disorders.md#paranoia	paranoia
12/20-disorders.md#phobia	fobia
12/20-disorders.md#post-traumatic-stress-disorder-ptsd	transtorno-de-estresse-pós-traumático-tept
12/20-disorders.md#reiterative-schizophrenia	esquizofrenia-reiterativa
12/21-other-action-factors.md#other-action-factors	outros-fatores-da-ação
12/21-other-action-factors.md#conditions	condições
12/21-other-action-factors.md#full-defense	defesa-total
12/21-other-action-factors.md#perception	percepção
12/21-other-action-factors.md#sizes	tamanhos
12/21-other-action-factors.md#very-small-size	tamanho-muito-pequeno
12/21-other-action-factors.md#small-size	tamanho-pequeno
12/21-other-action-factors.md#large-size	tamanho-grande
12/21-other-action-factors.md#very-large-size	tamanho-muito-grande
12/21-other-action-factors.md#surprise	surpresa
12/22-social-actions.md#social-actions	ações-sociais
12/22-social-actions.md#social-manipulation	manipulação-social
12/22-social-actions.md#gathering-information	coletando-informações
12/22-social-actions.md#social-stigma-and-status	estigma-e-status-social
12/22-social-actions.md#using-motivations	usando-motivações
12/22-social-actions.md#social-modifiers	modificadores-sociais
12/22-social-actions.md#social-attacks	ataques-sociais
12/23-stressful-situations.md#stressful-situations	situações-estressantes
12/23-stressful-situations.md#willpower-stress-tests	testes-de-estresse-de-vontade
12/23-stressful-situations.md#stressful-experiences	experiências-estressantes
12/23-stressful-situations.md#hardening	calejamento
12/24-movement.md#movement	movimento
12/24-movement.md#movement-rate	taxa-de-movimento
12/24-movement.md#movement-actions	ações-de-movimento
12/24-movement.md#base-move	movimento-base
12/24-movement.md#full-move	movimento-total
12/24-movement.md#rushing	disparada
12/24-movement.md#jumping	salto
12/24-movement.md#standing-up	levantar-se
12/24-movement.md#non-standard-movement	movimento-não-padrão
12/24-movement.md#difficult-movement	movimento-difícil
12/24-movement.md#movement-in-different-gravities	movimento-em-gravidades-diferentes
12/24-movement.md#movement-types	tipos-de-movimento
12/24-movement.md#boat	barca
12/24-movement.md#hopper	pulo
12/24-movement.md#hover	flutuação
12/24-movement.md#ionic	iônico
12/24-movement.md#microlight	microleve
12/24-movement.md#roller	rolagem
12/24-movement.md#rotor	rotor
12/24-movement.md#snake	serpente
12/24-movement.md#submarine	submerso
12/24-movement.md#swimmer	nado
12/24-movement.md#thrust-vector	empuxo-vetorial
12/24-movement.md#tracked	esteira
12/24-movement.md#walker	marcha
12/24-movement.md#wheeled	rodas
12/24-movement.md#winged	asas
12/25-vehicle-movement.md#vehicle-movement	movimento-de-veículos
12/25-vehicle-movement.md#control	controle
12/25-vehicle-movement.md#chases	perseguições
12/25-vehicle-movement.md#crashes	batidas
12/25-vehicle-movement.md#collisions	colisões
12/25-vehicle-movement.md#collisions-1	colisões-1
12/25-vehicle-movement.md#attacking-passengers	atacando-passageiros
12/26-objects-and-structures.md#objects--structures	objetos--estruturas
12/26-objects-and-structures.md#ranged-attacks	ataques-de-distância
12/26-objects-and-structures.md#shooting-through-an-object	atirando-através-de-um-objeto
12/26-objects-and-structures.md#making-objects	fazendo-objetos
12/26-objects-and-structures.md#repairing-objects	reparando-objetos
12/26-objects-and-structures.md#modifying-objects	modificando-objetos
12/26-objects-and-structures.md#sample-objects-and-structures	exemplos-de-objetos-e-estruturas
12/27-future-materials.md#future-materials	materiais-futuros
12/28-environmental-factors.md#environmental-factors	fatores-ambientais
12/28-environmental-factors.md#asphyxiation	asfixia
12/28-environmental-factors.md#decompression	descompressão
12/28-environmental-factors.md#falling	queda
12/28-environmental-factors.md#falling-damage	dano-de-queda
12/28-environmental-factors.md#fire	fogo
12/28-environmental-factors.md#gravity	gravidade
12/28-environmental-factors.md#microgravity	microgravidade
12/28-environmental-factors.md#low-gravity	baixa-gravidade
12/28-environmental-factors.md#high-gravity	alta-gravidade
12/28-environmental-factors.md#weather	clima
12/29-hostile-environments.md#hostile-environments	ambientes-hostis
12/29-hostile-environments.md#atmospheric-contamination	contaminação-atmosférica
12/29-hostile-environments.md#dangerous-atmosphere	atmosfera-perigosa
12/29-hostile-environments.md#extreme-heat-and-cold	calor-e-frio-extremos
12/29-hostile-environments.md#extreme-pressure	pressão-extrema
12/29-hostile-environments.md#gravity-transition-zones	zonas-de-transição-de-gravidade
12/29-hostile-environments.md#radiation	radiação
12/29-hostile-environments.md#surface-hazards	perigos-de-superfície
12/29-hostile-environments.md#underwater	debaixo-dágua
12/29-hostile-environments.md#vacuum	vácuo
12/30-downtime-actions.md#downtime-actions	ações-de-recesso
12/30-downtime-actions.md#acquiremake-things	adquirirfazer-coisas
12/30-downtime-actions.md#change-your-motivation	mudar-sua-motivação
12/30-downtime-actions.md#fulfill-responsibilities	cumprir-responsabilidades
12/30-downtime-actions.md#manage-your-rep	gerenciar-sua-rep
12/30-downtime-actions.md#mod-yourself	modificar-se
12/30-downtime-actions.md#train-and-improve	treinar-e-melhorar
12/30-downtime-actions.md#spending-rez-points	gastando-pontos-de-rez
12/30-downtime-actions.md#gain-a-positive-ego-trait	ganhar-um-traço-positivo-de-ego
12/30-downtime-actions.md#improve-and-learn-skills	melhorar-e-aprender-perícias
12/30-downtime-actions.md#improve-aptitudes	melhorar-aptidões
12/30-downtime-actions.md#increase-flex	aumentar-flex
12/30-downtime-actions.md#learn-a-language	aprender-um-idioma
12/30-downtime-actions.md#learn-a-new-psi-sleight	aprender-um-novo-truque-psi
12/30-downtime-actions.md#lose-a-negative-ego-trait	perder-um-traço-negativo-de-ego
12/30-downtime-actions.md#specialize	especializar-se
13/00-the-mesh.md#the-mesh	a-mesh
13/01-everyware.md#everyware	computação-ubíqua
13/01-everyware.md#getting-online	ficando-online
13/01-everyware.md#your-online-presence	sua-presença-online
13/01-everyware.md#privacy-mode	modo-privativo
13/02-mesh-topology.md#mesh-topology	topologia-da-mesh
13/02-mesh-topology.md#puppeted-devices	dispositivos-subordinados
13/02-mesh-topology.md#pans-personal-area-networks	pans-redes-de-área-pessoal
13/02-mesh-topology.md#vpns-virtual-private-networks	vpns-redes-privadas-virtuais
13/02-mesh-topology.md#tiered-systems	sistemas-em-camadas
13/02-mesh-topology.md#air-gapped-systems	sistemas-desconectados
13/02-mesh-topology.md#islands-in-the-net	ilhas-na-rede
13/03-common-mesh-uses.md#common-mesh-uses	usos-comuns-da-mesh
13/03-common-mesh-uses.md#augmented-reality-ar	realidade-aumentada-ra
13/03-common-mesh-uses.md#ar-mist-and-filters	névoa-de-ra-e-filtros
13/03-common-mesh-uses.md#skinning	tematização
13/03-common-mesh-uses.md#backups-forking-egocasting	backup-foqueamento-egoprojeção
13/03-common-mesh-uses.md#banking	transações-bancárias
13/03-common-mesh-uses.md#communications	comunicações
13/03-common-mesh-uses.md#experience-playback-xp	experiência-pré-gravada-xp
13/03-common-mesh-uses.md#gaming	jogos
13/03-common-mesh-uses.md#location-servicesmapping	serviços-de-localizaçãomapeamento
13/03-common-mesh-uses.md#media-and-news	mídia-e-notícias
13/03-common-mesh-uses.md#mobile-offices	escritórios-móveis
13/03-common-mesh-uses.md#psychosurgery	psicocirurgia
13/03-common-mesh-uses.md#searches	pesquisa
13/03-common-mesh-uses.md#sensor-feeds-and-coveillance	fluxos-de-sensores-e-covigilância
13/03-common-mesh-uses.md#social-networks	redes-sociais
13/03-common-mesh-uses.md#tagging	tags
13/03-common-mesh-uses.md#virtual-reality-vr	realidade-virtual-rv
13/04-devices-apps-and-links.md#devices-apps--links	dispositivos-apps--ligações
13/04-devices-apps-and-links.md#hardware	aparelhos
13/04-devices-apps-and-links.md#motes	nódulos
13/04-devices-apps-and-links.md#hosts	terminais
13/04-devices-apps-and-links.md#servers	servidores
13/04-devices-apps-and-links.md#overloaded-devices	dispositivos-sobrecarregados
13/04-devices-apps-and-links.md#software	programas
13/04-devices-apps-and-links.md#apps	apps
13/04-devices-apps-and-links.md#infomorphs	infomorfos
13/04-devices-apps-and-links.md#operating-system	sistema-operacional
13/04-devices-apps-and-links.md#services	serviços
13/04-devices-apps-and-links.md#wireless-links	ligações-sem-fio
13/04-devices-apps-and-links.md#stealthed-signals	sinais-camuflados
13/04-devices-apps-and-links.md#sniffing	farejamento
13/04-devices-apps-and-links.md#laser-links	ligações-laser
13/04-devices-apps-and-links.md#other-links	outras-ligações
13/04-devices-apps-and-links.md#accessing-multiple-systems	acessando-vários-sistemas
13/05-authentication-and-encryption.md#authentication--encryption	autenticação--criptografia
13/05-authentication-and-encryption.md#mesh-id	mesh-id
13/05-authentication-and-encryption.md#accounts--access-privileges	contas--privilégios-de-acesso
13/05-authentication-and-encryption.md#public-accounts	contas-públicas
13/05-authentication-and-encryption.md#user-accounts	contas-de-usuário
13/05-authentication-and-encryption.md#security-accounts	contas-de-segurança
13/05-authentication-and-encryption.md#admin-accounts	contas-de-administrador
13/05-authentication-and-encryption.md#authentication-methods	métodos-de-autenticação
13/05-authentication-and-encryption.md#biometric-scan	leitura-biométrica
13/05-authentication-and-encryption.md#ego-scan	escaneamento-de-ego
13/05-authentication-and-encryption.md#direct-neural-interface	interface-neural-direta
13/05-authentication-and-encryption.md#mesh-id-1	mesh-id-1
13/05-authentication-and-encryption.md#other-account	outra-conta
13/05-authentication-and-encryption.md#passcode	senha
13/05-authentication-and-encryption.md#passkey	chave-de-acesso
13/05-authentication-and-encryption.md#quantum-key	chave-quântica
13/05-authentication-and-encryption.md#circumventing-authentication	burlando-a-autenticação
13/05-authentication-and-encryption.md#acquiring-credentials	aquisição-de-credenciais
13/05-authentication-and-encryption.md#forging-authentication	forjando-a-autenticação
13/05-authentication-and-encryption.md#spoofing	mascaramento
13/05-authentication-and-encryption.md#encryption	criptografia
13/05-authentication-and-encryption.md#public-key-crypto	criptografia-de-chave-pública
13/05-authentication-and-encryption.md#quantum-key-crypto	criptografia-de-chave-quântica
13/05-authentication-and-encryption.md#codebreaking	quebra-de-código
13/05-authentication-and-encryption.md#quantum-codebreaking	quebra-de-código-quântica
13/06-mesh-actions.md#mesh-actions	ações-da-mesh
13/06-mesh-actions.md#universal-actions	ações-universais
13/06-mesh-actions.md#security-actions	ações-de-segurança
13/06-mesh-actions.md#admin-actions	ações-de-administrador
13/06-mesh-actions.md#scripting	scripts
13/07-ais-and-muses.md#ais--muses	ias--musas
13/07-ais-and-muses.md#alis	ilas
13/07-ais-and-muses.md#personality	personalidade
13/07-ais-and-muses.md#commanding-alis	comandando-ilas
13/07-ais-and-muses.md#limitations	limitações
13/07-ais-and-muses.md#aptitudes-skills-and-pools	aptidões-perícias-e-paradas
13/07-ais-and-muses.md#traits	traços
13/07-ais-and-muses.md#lucidity-and-trauma	lucidez-e-trauma
13/07-ais-and-muses.md#sleeving	encape
13/07-ais-and-muses.md#muses	musas
13/07-ais-and-muses.md#personality-and-relationships	personalidade-e-relacionamentos
13/07-ais-and-muses.md#what-your-muse-can-do-for-you	o-que-sua-musa-pode-fazer-por-você
13/07-ais-and-muses.md#online-even-when-youre-down	online-mesmo-quando-você-não-estiver
13/07-ais-and-muses.md#muse-backups	backups-de-musa
13/07-ais-and-muses.md#other-infomorphs-as-muses	outros-infomorfos-como-musas
13/07-ais-and-muses.md#roleplaying-muses	interpretando-musas
13/07-ais-and-muses.md#agis	igas
13/07-ais-and-muses.md#asis	sias
13/07-ais-and-muses.md#non-standard-ais	ias-não-padrão
13/08-infomorphs.md#infomorphs	infomorfos
13/08-infomorphs.md#home-device	dispositivo-habitado
13/08-infomorphs.md#inadequate-devices	dispositivos-inadequados
13/08-infomorphs.md#distributed-infomorphs	infomorfos-distribuídos
13/08-infomorphs.md#digital-speeds	velocidades-digitais
13/08-infomorphs.md#moving-between-devices	movimentação-entre-dispositivos
13/08-infomorphs.md#copying	cópia
13/08-infomorphs.md#deletion	exclusão
13/08-infomorphs.md#evacuating-cyberbrains	evacuação-de-cibercérebros
13/08-infomorphs.md#sleeving-morphs	encape-de-morfos
13/08-infomorphs.md#backing-up	backup
13/08-infomorphs.md#infomorphs-and-muses	infomorfos-e-musas
13/08-infomorphs.md#infomorph-riders	caronas-infomorfos
13/08-infomorphs.md#infomorph-rumors	rumores-de-infomorfos
13/09-online-research.md#online-research	pesquisa-online
13/09-online-research.md#search-challenges	desafios-da-pesquisa
13/09-online-research.md#search-capabilities	capacidades-de-pesquisa
13/09-online-research.md#research-tests	testes-de-pesquisa
13/09-online-research.md#private-and-proprietary-data	dados-privados-e-proprietários
13/09-online-research.md#analyzing-the-results	analisando-os-resultados
13/09-online-research.md#online-research-1	pesquisa-online-1
13/09-online-research.md#real-time-alerts	alertas-em-tempo-real
13/09-online-research.md#searching-specific-systems	procurando-em-sistemas-específicos
13/09-online-research.md#searching-timeframes	prazos-de-pesquisa
13/09-online-research.md#gming-research-tests	mestrando-testes-de-pesquisa
13/09-online-research.md#chaining-results	encadeando-resultados
13/10-tracking.md#tracking	rastreamento
13/10-tracking.md#physical-tracking	rastreamento-físico
13/10-tracking.md#tracing-by-mesh-id	rastreando-por-mesh-id
13/10-tracking.md#tracking-by-biometrics	rastreando-por-biometria
13/10-tracking.md#biometric-searches	pesquisas-biométricas
13/10-tracking.md#mesh-activity-tracking	rastreamento-de-atividades-na-mesh
13/10-tracking.md#researching-public-mesh-presence	pesquisando-a-presença-pública-na-mesh
13/10-tracking.md#tracking-ongoing-mesh-activity	rastreando-atividade-em-andamento-na-mesh
13/10-tracking.md#active-monitoring	monitoramento-ativo
13/10-tracking.md#tracking-countermeasures	contramedidas-de-rastreamento
13/10-tracking.md#burner-mesh-ids	mesh-ids-descartáveis
13/10-tracking.md#anonymous-proxy-services	serviços-de-proxy-anônimo
13/10-tracking.md#spoofing-mesh-ids	mascarando-mesh-ids
13/11-hacking.md#hacking	hackeamento
13/11-hacking.md#hacking-tests	testes-de-hackeamento
13/11-hacking.md#intrusion	invasão
13/11-hacking.md#establishing-a-connection	estabelecendo-uma-conexão
13/11-hacking.md#brute-force-attacks	ataque-de-força-bruta
13/11-hacking.md#subtle-intrusion	invasão-sutil
13/11-hacking.md#joint-hacking	hackeamento-conjunto
13/11-hacking.md#hacking-again	hackeando-novamente
13/11-hacking.md#intruder-status	status-do-invasor
13/11-hacking.md#hidden	oculto
13/11-hacking.md#covert	infiltrado
13/11-hacking.md#spotted	descoberto
13/11-hacking.md#changing-status	alterando-o-status
13/11-hacking.md#upgrading-status	melhorando-o-status
13/11-hacking.md#exposure	exposição
13/11-hacking.md#zeroing-in	localizando
13/11-hacking.md#consolidated-hacking	hackeamento-consolidado
13/12-countermeasures.md#countermeasures	contramedidas
13/12-countermeasures.md#firewall	firewall
13/12-countermeasures.md#firewall-ratings	graduações-do-firewall
13/12-countermeasures.md#firewall-threat-models	modelos-de-ameaça-do-firewall
13/12-countermeasures.md#system-defender	defensor-do-sistema
13/12-countermeasures.md#active-defense	defesa-ativa
13/12-countermeasures.md#security-alerts	alertas-de-segurança
13/12-countermeasures.md#passive-alert	alerta-passivo
13/12-countermeasures.md#active-alert	alerta-ativo
13/12-countermeasures.md#passive-countermeasures	contramedidas-passivas
13/12-countermeasures.md#backup	backupear
13/12-countermeasures.md#egress-filtering	filtrar-saída
13/12-countermeasures.md#locate-intruder	localizar-invasor
13/12-countermeasures.md#re-authenticate	reautenticar
13/12-countermeasures.md#reduce-privileges	reduzir-privilégios
13/12-countermeasures.md#active-countermeasures	contramedidas-ativas
13/12-countermeasures.md#counter-intrusion	contrainvadir
13/12-countermeasures.md#crash-and-lockout	travar-e-barrar
13/12-countermeasures.md#rebootshutdown	reinicializardesligar
13/12-countermeasures.md#terminate-connections	encerrar-conexões
13/12-countermeasures.md#trace	rastrear
13/12-countermeasures.md#security-audits	auditorias-de-segurança
13/12-countermeasures.md#security-design	projeto-de-segurança
13/13-system-subversion.md#system-subversion	subversão-de-sistema
13/13-system-subversion.md#break-encryption	quebrar-criptografia
13/13-system-subversion.md#control-ware	controlar-implante
13/13-system-subversion.md#disable-safety-mechanisms	desativar-mecanismos-de-segurança
13/13-system-subversion.md#edit-ar-feed	editar-fluxo-de-ra
13/13-system-subversion.md#eliminate-traces	eliminar-rastros
13/13-system-subversion.md#force-re-authentication	forçar-reautenticação
13/13-system-subversion.md#hide-file-or-process	esconder-arquivo-ou-processo
13/13-system-subversion.md#impair-senses	debilitar-os-sentidos
13/13-system-subversion.md#inject-arillusion	injetar-railusão
13/13-system-subversion.md#install-backdoor	instalar-brecha
13/13-system-subversion.md#install-blocker	instalar-restrição
13/13-system-subversion.md#jam-signals	bloquear-sinais
13/13-system-subversion.md#loop-sensor-feed	repetir-fluxo-de-sensor
13/13-system-subversion.md#modify-tacnet	modificar-tacnet
13/13-system-subversion.md#sniff-traffic	farejar-tráfego
13/13-system-subversion.md#suppress-alarm	suprimir-alarme
13/13-system-subversion.md#suppress-process	suprimir-processo
13/13-system-subversion.md#tap-ar	grampear-ra
13/13-system-subversion.md#tap-senses	grampear-sentidos
13/13-system-subversion.md#simple-hacking	hackeamento-simples
13/14-mesh-combat.md#mesh-combat	combate-na-mesh
13/14-mesh-combat.md#local-vs-remote	local-vs-remoto
13/14-mesh-combat.md#local-attacks	ataques-locais
13/14-mesh-combat.md#remote-attacks	ataques-remotos
13/14-mesh-combat.md#mesh-attacks-and-defense	ataque-e-defesa-na-mesh
13/14-mesh-combat.md#mesh-damage-and-armor	dano-e-blindagem-na-mesh
13/14-mesh-combat.md#mesh-wounds	ferimentos-na-mesh
13/14-mesh-combat.md#mesh-durability	durabilidade-na-mesh
13/14-mesh-combat.md#mesh-durability-1	durabilidade-na-mesh-1
13/14-mesh-combat.md#mesh-damage-repair	reparo-de-dano-da-mesh
13/15-hardware-damage.md#hardware-damage	dano-em-aparelhos
13/15-hardware-damage.md#damage-and-infomorph-riders	danos-e-caronas-infomorfos
13/16-glitches.md#glitches	defeitos
13/16-glitches.md#glitch-table	tabela-de-defeitos
13/17-mindware-hacking.md#mindware-hacking	hackeamento-de-implante-mental
13/17-mindware-hacking.md#preconditions	precondições
13/17-mindware-hacking.md#encoded-security	segurança-codificada
13/17-mindware-hacking.md#mindware-subversion	subversão-de-implante-mental
13/17-mindware-hacking.md#trap-ego	prender-ego
13/17-mindware-hacking.md#control-ware-cyberbrain	controlar-implante-cibercérebro
13/17-mindware-hacking.md#copy-ego	copiar-ego
13/17-mindware-hacking.md#delete-ego	excluir-ego
13/17-mindware-hacking.md#freeze-morph-cyberbrain	congelar-morfo-cibercérebro
13/17-mindware-hacking.md#mindhack-ego	hackear-mente-do-ego
13/17-mindware-hacking.md#modify-meshware	modificar-meshimplante
13/17-mindware-hacking.md#modify-sensory-input-cyberbrain	modificar-entrada-sensorial-cibercérebro
13/17-mindware-hacking.md#puppeteer-cyberbrain	manipular-fantoche-cibercérebro
13/17-mindware-hacking.md#scorch-ego	afligir-ego
13/17-mindware-hacking.md#shutdown	desligar
13/17-mindware-hacking.md#tap-senses	grampear-sentidos
13/17-mindware-hacking.md#terminate-cortical-stack-feed	encerrar-fluxo-da-pilha-cortical
13/17-mindware-hacking.md#sideways-egonapping	sequestrando-egos-por-fora
13/18-virtual-reality.md#virtual-reality	realidade-virtual
13/18-virtual-reality.md#accessing-simulspaces	acessando-simulespaços
13/18-virtual-reality.md#domain-rules	regras-de-domínio
13/18-virtual-reality.md#simulmorphs	simulmorfos
13/18-virtual-reality.md#immersion	imersão
13/18-virtual-reality.md#simulspace-rules	regras-de-simulespaço
13/18-virtual-reality.md#cheat-codes	códigos-de-trapaça
13/18-virtual-reality.md#hacking-simulspaces	hackeando-simulespaços
13/18-virtual-reality.md#simulspace-user-actions	ações-de-usuário-de-simulespaço
13/18-virtual-reality.md#admincheat-actions	ações-de-administradortrapaça
13/19-surveillance-hacking.md#surveillance-hacking	hackeamento-de-vigilância
13/19-surveillance-hacking.md#detecting-sensors	detectando-sensores
13/19-surveillance-hacking.md#avoiding-recognition	evitando-o-reconhecimento
13/19-surveillance-hacking.md#active-jamming	bloqueando-sinais-ativamente
13/19-surveillance-hacking.md#hacking-sensors	hackeando-sensores
13/19-surveillance-hacking.md#ripping-sensors	devassando-sensores
13/19-surveillance-hacking.md#dead-zones	zonas-mortas
13/19-surveillance-hacking.md#clearing-sensors	removendo-sensores
13/19-surveillance-hacking.md#route-mapping	mapeando-rotas
13/19-surveillance-hacking.md#skipjacking	tecnofurtividade
13/19-surveillance-hacking.md#avoiding-eavesdropping	evitando-espionagem
13/19-surveillance-hacking.md#caught-in-the-act	pego-em-flagrante
13/19-surveillance-hacking.md#security-log-case-15678zt	log-de-segurança-caso-15678zt
14/00-psi.md#psi	psi
14/01-psi-overview.md#psi-overview	resumo-do-psi
14/01-psi-overview.md#prerequisites	pré-requisitos
14/01-psi-overview.md#morphs-and-psi	morfos-e-psi
14/01-psi-overview.md#mental-fragmentation	fragmentação-mental
14/01-psi-overview.md#sleights	truques
14/01-psi-overview.md#infection-rating	grau-de-infecção
14/01-psi-overview.md#playing-the-infection	interpretando-a-infecção
14/02-watts-macleod-sub-strains.md#watts-macleod-sub-strains	subcepas-watts-macleod
14/02-watts-macleod-sub-strains.md#the-architect	a-arquiteta
14/02-watts-macleod-sub-strains.md#the-beast	a-besta
14/02-watts-macleod-sub-strains.md#the-haunter	a-tormentadora
14/02-watts-macleod-sub-strains.md#the-stranger	a-estranha
14/02-watts-macleod-sub-strains.md#the-xenomorph	a-xenomorfa
14/03-roleplaying-asyncs.md#roleplaying-asyncs	interpretando-assincros
14/03-roleplaying-asyncs.md#psi	psi
14/03-roleplaying-asyncs.md#a-new-exsurgency	uma-nova-exsurgência
14/03-roleplaying-asyncs.md#analysis-of-psi	análise-do-psi
14/03-roleplaying-asyncs.md#public-awareness	conhecimento-público
14/03-roleplaying-asyncs.md#hidden-dangers	perigos-ocultos
14/04-using-psi.md#using-psi	usando-psi
14/04-using-psi.md#psi-range	alcance-psi
14/04-using-psi.md#targeting	alvos
14/04-using-psi.md#opposed-tests	testes-opostos
14/04-using-psi.md#mental-armor	blindagem-mental
14/04-using-psi.md#target-awareness	consciência-do-alvo
14/04-using-psi.md#duration	duração
14/04-using-psi.md#infection-modifiers	modificadores-de-infecção
14/04-using-psi.md#infection-test	teste-de-infecção
14/04-using-psi.md#the-infections-influence	a-influência-da-infecção
14/04-using-psi.md#pushing-sleights	forçando-truques
14/04-using-psi.md#infection-rating-thresholds	limiares-dos-graus-de-infecção
14/04-using-psi.md#easing-the-infection	atenuação-da-infecção
14/05-influence-effects.md#influence-effects	efeitos-de-influência
14/05-influence-effects.md#architect-sub-strain	subcepa-arquiteta
14/05-influence-effects.md#beast-sub-strain	subcepa-besta
14/05-influence-effects.md#haunter-sub-strain	subcepa-tormentadora
14/05-influence-effects.md#stranger-sub-strain	subcepa-estranha
14/05-influence-effects.md#xenomorph-sub-strain	subcepa-xenomorfa
14/06-psi-sleight-summaries.md#psi-sleight-summaries	listas-de-truques-psi
14/06-psi-sleight-summaries.md#psi-chi-sleights	truques-psi-qui
14/06-psi-sleight-summaries.md#psi-chi-sleights-1	truques-psi-qui-1
14/06-psi-sleight-summaries.md#charisma	carisma
14/06-psi-sleight-summaries.md#control-behavior	controle-comportamental
14/06-psi-sleight-summaries.md#eco-empathy	ecoempatia
14/06-psi-sleight-summaries.md#enhanced-creativity	criatividade-ampliada
14/06-psi-sleight-summaries.md#enhanced-memory	memória-ampliada
14/06-psi-sleight-summaries.md#grok	engenho
14/06-psi-sleight-summaries.md#heightened-awareness	consciência-elevada
14/06-psi-sleight-summaries.md#high-pain-threshold	alto-limiar-à-dor
14/06-psi-sleight-summaries.md#inner-spark	centelha-interior
14/06-psi-sleight-summaries.md#pattern-recognition	reconhecimento-de-padrões
14/06-psi-sleight-summaries.md#predictive-boost	impulso-preditivo
14/06-psi-sleight-summaries.md#psi-armor	blindagem-psi
14/06-psi-sleight-summaries.md#qualia	qualia
14/06-psi-sleight-summaries.md#savant-calculation	cálculo-savant
14/06-psi-sleight-summaries.md#scramble	embaralhamento
14/06-psi-sleight-summaries.md#self-control	autocontrole
14/06-psi-sleight-summaries.md#social-cunning	astúcia-social
14/06-psi-sleight-summaries.md#somatic-control	controle-somático
14/06-psi-sleight-summaries.md#superior-kinesics	cinésica-superior
14/06-psi-sleight-summaries.md#xeno-empathy	xenoempatia
14/06-psi-sleight-summaries.md#psi-gamma-sleights	truques-psi-gama
14/06-psi-sleight-summaries.md#psi-gamma-sleights-1	truques-psi-gama-1
14/06-psi-sleight-summaries.md#alter-effect	alteração-de-efeito
14/06-psi-sleight-summaries.md#animal-control	controle-animal
14/06-psi-sleight-summaries.md#aphasia	afasia
14/06-psi-sleight-summaries.md#basilisk-stare	olhar-do-basilisco
14/06-psi-sleight-summaries.md#block-pain	bloqueio-da-dor
14/06-psi-sleight-summaries.md#block-sense	bloqueio-do-sentido
14/06-psi-sleight-summaries.md#block-skill	bloqueio-da-perícia
14/06-psi-sleight-summaries.md#browse-thoughts	vislumbre-de-pensamentos
14/06-psi-sleight-summaries.md#burst-of-adrenaline	explosão-de-adrenalina
14/06-psi-sleight-summaries.md#burst-of-clarity	explosão-de-clareza
14/06-psi-sleight-summaries.md#burst-of-confidence	explosão-de-confiança
14/06-psi-sleight-summaries.md#cloud-memory	memória-nebulosa
14/06-psi-sleight-summaries.md#deep-scan	varredura-profunda
14/06-psi-sleight-summaries.md#deja-vu	déjà-vu
14/06-psi-sleight-summaries.md#downtime	inatividade
14/06-psi-sleight-summaries.md#ego-sense	sentido-de-ego
14/06-psi-sleight-summaries.md#empathic-scan	varredura-empática
14/06-psi-sleight-summaries.md#illusion	ilusão
14/06-psi-sleight-summaries.md#implant-memory	implante-de-memória
14/06-psi-sleight-summaries.md#implant-skill	implante-de-perícia
14/06-psi-sleight-summaries.md#induce-error	indução-ao-erro
14/06-psi-sleight-summaries.md#infectious-mind	mente-infecciosa
14/06-psi-sleight-summaries.md#influence	influência
14/06-psi-sleight-summaries.md#invigorate	revigoração
14/06-psi-sleight-summaries.md#mimic	imitação
14/06-psi-sleight-summaries.md#mindlink	ligação-mental
14/06-psi-sleight-summaries.md#neural-hardening	fortalecimento-neural
14/06-psi-sleight-summaries.md#nightmare	pesadelo
14/06-psi-sleight-summaries.md#pain	dor
14/06-psi-sleight-summaries.md#psi-shield	escudo-psi
14/06-psi-sleight-summaries.md#psychic-stab	punhalada-psíquica
14/06-psi-sleight-summaries.md#sense-infection	senso-de-infecção
14/06-psi-sleight-summaries.md#short-circuit	curto-circuito
14/06-psi-sleight-summaries.md#spam	spam
14/06-psi-sleight-summaries.md#static	estática
14/06-psi-sleight-summaries.md#subliminal	sugestão
14/06-psi-sleight-summaries.md#tranquility	tranquilidade
15/00-transhuman-tech.md#transhuman-tech	tecnologia-transumana
15/01-backups-and-uploading.md#backups--uploading	backups--uploads
15/01-backups-and-uploading.md#cortical-stacks	pilhas-corticais
15/01-backups-and-uploading.md#popping-a-stack	espremendo-uma-pilha
15/01-backups-and-uploading.md#uploaded-backups	backups-de-upload
15/01-backups-and-uploading.md#upload-speeds	velocidades-de-upload
15/01-backups-and-uploading.md#uploading-and-ego-bridges	fazendo-uploads-e-pontes-de-ego
15/01-backups-and-uploading.md#post-mortem-uploads	upload-pós-morte
15/01-backups-and-uploading.md#death-and-backup-insurance	morte-e-seguro-de-backup
15/01-backups-and-uploading.md#basic-backup-insurance	seguro-de-backup-básico
15/01-backups-and-uploading.md#uninsured-characters	personagens-sem-seguro
15/02-resleeving.md#resleeving	reencape
15/02-resleeving.md#complications	complicações
15/02-resleeving.md#integration	integração
15/02-resleeving.md#alienation	alienação
15/02-resleeving.md#continuity	continuidade
15/02-resleeving.md#memento-mori	memento-mori
15/02-resleeving.md#lack	lapso
15/02-resleeving.md#resleeving-tests	testes-de-reencape
15/02-resleeving.md#integration-test	teste-de-integração
15/02-resleeving.md#resleeving-stress-test	teste-de-estresse-de-reencape
15/02-resleeving.md#resleeving-tests-1	testes-de-reencape-1
15/02-resleeving.md#resleeving-and-pools	reencape-e-paradas
15/03-acquiring-morphs.md#acquiring-morphs	aquisição-de-morfos
15/03-acquiring-morphs.md#determining-morph-points	determinando-pontos-de-morfo
15/03-acquiring-morphs.md#increasing-your-mp	aumentando-seu-pm
15/03-acquiring-morphs.md#spending-morph-points	gastando-pontos-de-morfo
15/03-acquiring-morphs.md#morph-availability	disponibilidade-de-morfos
15/03-acquiring-morphs.md#resleeving-and-morph-points	reencape-e-pontos-de-morfo
15/03-acquiring-morphs.md#modifying-morphs	modificando-morfos
15/03-acquiring-morphs.md#modifying-a-morph	modificando-um-morfo
15/03-acquiring-morphs.md#making-morphs	fazendo-morfos
15/03-acquiring-morphs.md#making-a-morph	fazendo-um-morfo
15/04-forking-and-merging.md#forking--merging	forqueamento--mesclagem
15/04-forking-and-merging.md#types-of-forks	tipos-de-forques
15/04-forking-and-merging.md#forks-and-society	forques-e-sociedade
15/04-forking-and-merging.md#creating-a-fork	criando-um-forque
15/04-forking-and-merging.md#alpha-forks	forques-alfa
15/04-forking-and-merging.md#beta-forks	forques-beta
15/04-forking-and-merging.md#gamma-forks	forques-gama
15/04-forking-and-merging.md#neural-pruning	desbaste-neural
15/04-forking-and-merging.md#careful-pruning	desbaste-cuidadoso
15/04-forking-and-merging.md#handling-forks	lidando-com-forques
15/04-forking-and-merging.md#merging	mesclagem
15/05-psychosurgery.md#psychosurgery	psicocirurgia
15/05-psychosurgery.md#difficulties	dificuldades
15/05-psychosurgery.md#using-psychosurgery	usando-psicocirurgia
15/05-psychosurgery.md#psychosurgery-modifiers	modificadores-de-psicocirurgia
15/05-psychosurgery.md#roleplaying-mind-edits	interpretando-edições-mentais
15/06-psychosurgery-procedures.md#psychosurgery-procedures	procedimentos-de-psicocirurgia
15/06-psychosurgery-procedures.md#awareness-block	bloqueio-de-consciência
15/06-psychosurgery-procedures.md#behavioral-masking	mascaramento-comportamental
15/06-psychosurgery-procedures.md#deep-learning	aprendizagem-profunda
15/06-psychosurgery-procedures.md#hidden-knowledge	ocultação-de-conhecimento
15/06-psychosurgery-procedures.md#interrogation	interrogatório
15/06-psychosurgery-procedures.md#memory-editing	edição-de-memória
15/06-psychosurgery-procedures.md#mental-evaluation	avaliação-mental
15/06-psychosurgery-procedures.md#merging	mesclagem
15/06-psychosurgery-procedures.md#merging-1	mesclagem-1
15/06-psychosurgery-procedures.md#neural-pruning	desbaste-neural
15/06-psychosurgery-procedures.md#personality-editing	edição-de-personalidade
15/06-psychosurgery-procedures.md#psychotherapy	psicoterapia
15/06-psychosurgery-procedures.md#remove-infection	remoção-de-infecção
15/06-psychosurgery-procedures.md#skill-imprints	impressão-de-perícia
15/06-psychosurgery-procedures.md#skill-suppression	supressão-de-perícia
15/06-psychosurgery-procedures.md#tasping	tasp
15/07-identity-systems.md#identity-systems	sistemas-de-identificação
15/07-identity-systems.md#ego-id	ego-id
15/07-identity-systems.md#complications	complicações
15/07-identity-systems.md#special-cases	casos-especiais
15/07-identity-systems.md#id-and-rep-systems	id-e-sistemas-de-rep
15/07-identity-systems.md#identity-verification	verificação-de-identidade
15/07-identity-systems.md#nanotat-scans	escaneamento-de-nanotat
15/07-identity-systems.md#brainprints	impressões-cerebrais
15/07-identity-systems.md#digital-code	código-digital
15/07-identity-systems.md#other-id-forms	outras-formas-de-id
15/07-identity-systems.md#circumventing-id-checks	burlando-verificações-de-id
15/07-identity-systems.md#fake-ids	ids-falsas
15/07-identity-systems.md#altering-nanotat-ids	alterando-nanotat-ids
15/07-identity-systems.md#digital-id-tampering	adulteração-de-id-digital
15/07-identity-systems.md#security-log-fork-identity-theft	log-de-segurança-furto-de-identidade-de-forque
15/08-habitat-access.md#habitat-access	acesso-a-habitats
15/08-habitat-access.md#egocasting	egoprojeção
15/08-habitat-access.md#egocaster-security	segurança-de-egoprojetores
15/08-habitat-access.md#electronic-arrivals	desembarques-eletrônicos
15/08-habitat-access.md#physical-arrivals	desembarques-físicos
15/08-habitat-access.md#habitat-infiltration	infiltração-em-habitats
15/08-habitat-access.md#darknets	redes-clandestinas
15/08-habitat-access.md#sneaking-in	entrando-escondido
15/08-habitat-access.md#exterior-access	acesso-exterior
15/09-space-travel.md#space-travel	viagem-espacial
15/09-space-travel.md#local-travel	viagem-local
15/09-space-travel.md#distance-travel	viagem-distante
15/09-space-travel.md#space-travel-basics	básico-de-viagem-espacial
15/09-space-travel.md#spacecraft-propulsion	propulsão-de-espaçonaves
15/09-space-travel.md#travel-times	tempos-de-viagem
15/10-space-combat.md#space-combat	combate-espacial
15/10-space-combat.md#weapons-and-swarms	armas-e-enxames
15/10-space-combat.md#stealth-and-sensors	furtividade-e-sensores
15/10-space-combat.md#deep-space-vs-orbital	espaço-profundo-vs-orbital
15/10-space-combat.md#character-options	opções-para-personagens
15/10-space-combat.md#detection-and-stealth	detecção-e-furtividade
15/10-space-combat.md#hacking	hackeamento
15/10-space-combat.md#maneuvering	manobragem
15/10-space-combat.md#engagement	confronto
15/10-space-combat.md#damage-control	controle-de-danos
15/10-space-combat.md#boarding	abordagem
15/10-space-combat.md#other-narrative-options	outras-opções-narrativas
15/11-ship-and-habitat-hacking.md#ship--habitat-hacking	hackeamento-de-naves--habitats
15/11-ship-and-habitat-hacking.md#airlocks	câmaras-de-ar
15/11-ship-and-habitat-hacking.md#airlock-safety-features	recursos-de-segurança-de-câmaras-de-ar
15/11-ship-and-habitat-hacking.md#hacking-an-airlock	hackeando-uma-câmara-de-ar
15/11-ship-and-habitat-hacking.md#blowing-an-airlock	estourando-uma-câmara-de-ar
15/11-ship-and-habitat-hacking.md#airlocks-in-high-pressure-environments	câmaras-de-ar-em-ambientes-de-alta-pressão
15/11-ship-and-habitat-hacking.md#bulkhead-doors	portas-de-passagem
15/11-ship-and-habitat-hacking.md#hulls-and-superstructure	cascos-e-superestrutura
15/11-ship-and-habitat-hacking.md#life-support	suporte-vital
15/11-ship-and-habitat-hacking.md#sabotaging-life-support	sabotando-o-suporte-vital
15/11-ship-and-habitat-hacking.md#ventilation-systems	sistemas-de-ventilação
15/11-ship-and-habitat-hacking.md#reactors	reatores
15/12-reputation.md#reputation	reputação
15/12-reputation.md#social-networks	redes-sociais
15/12-reputation.md#the-big-seven	as-sete-grandes
15/12-reputation.md#rep-scores	níveis-de-rep
15/12-reputation.md#rep-networks-for-research	redes-de-rep-para-pesquisa
15/13-networking.md#networking	socialização
15/13-networking.md#using-rep	usando-rep
15/13-networking.md#rep-tests	testes-de-rep
15/13-networking.md#rep-limits	limites-de-rep
15/13-networking.md#burning-rep	queimando-rep
15/13-networking.md#keeping-quiet	mantendo-a-discrição
15/13-networking.md#reputation--id	reputação--id
15/13-networking.md#favors	favores
15/13-networking.md#acquireunload-goods	adquirirrepassar-produtos
15/13-networking.md#acquire-services	adquirir-serviços
15/13-networking.md#example-services	exemplos-de-serviços
15/13-networking.md#acquire-information	adquirir-informações
15/13-networking.md#example-information	exemplos-de-informações
16/00-gear.md#gear	equipamentos
16/01-gear-rules.md#gear-rules	regras-de-equipamentos
16/01-gear-rules.md#gear-design	projetos-de-equipamentos
16/01-gear-rules.md#gear-complexity	complexidade-de-equipamentos
16/01-gear-rules.md#gear-modifiers	modificadores-de-equipamentos
16/01-gear-rules.md#gear-quality	qualidade-de-equipamentos
16/01-gear-rules.md#gear-size	tamanho-de-equipamentos
16/01-gear-rules.md#concealing-gear	ocultando-equipamentos
16/01-gear-rules.md#meshed-gear	equipamentos-em-mesh
16/01-gear-rules.md#interfaces	interfaces
16/01-gear-rules.md#power	energia
16/01-gear-rules.md#ware	implantes
16/02-acquiring-gear.md#acquiring-gear	aquisição-de-equipamentos
16/02-acquiring-gear.md#missions-and-gear-points	missões-e-pontos-de-equipamento
16/02-acquiring-gear.md#gear-point-value	valor-em-pontos-de-equipamento
16/02-acquiring-gear.md#increasing-gp	aumentando-pe
16/02-acquiring-gear.md#acquiring-gear-during-missions	aquisição-de-equipamentos-durante-missões
16/02-acquiring-gear.md#acquisition-timeframe	prazo-de-aquisição
16/02-acquiring-gear.md#acquisition-time	prazo-de-aquisição-1
16/02-acquiring-gear.md#physical-vs-blueprints	físico-vs-diagrama
16/02-acquiring-gear.md#multiple-gear-items-at-once	vários-equipamentos-de-uma-vez
16/02-acquiring-gear.md#impeding-factors	fatores-problemáticos
16/02-acquiring-gear.md#other-gear-considerations	outras-considerações-sobre-equipamentos
16/02-acquiring-gear.md#ongoing-locationscampaigns	locaiscampanhas-em-andamento
16/02-acquiring-gear.md#when-and-where	quando-e-onde
16/02-acquiring-gear.md#blueprint-libraries	bibliotecas-de-diagramas
16/02-acquiring-gear.md#after-the-mission	após-a-missão
16/02-acquiring-gear.md#dont-sweat-the-gear	não-se-preocupe-com-equipamentos
16/02-acquiring-gear.md#but-dont-let-it-take-over	mas-não-deixe-eles-dominarem
16/03-nanofabrication.md#nanofabrication	nanofabricação
16/03-nanofabrication.md#raw-materials	matérias-primas
16/03-nanofabrication.md#blueprints	diagramas
16/03-nanofabrication.md#getting-blueprints	obtendo-diagramas
16/03-nanofabrication.md#restricted-items	itens-restritos
16/03-nanofabrication.md#writing-blueprints	projetando-diagramas
16/03-nanofabrication.md#cracking-blueprints	crackeando-diagramas
16/03-nanofabrication.md#printing-tests	teste-de-impressão
16/04-services.md#services	serviços
16/04-services.md#mesh-services	serviços-da-mesh
16/04-services.md#physical-services	serviços-físicos
16/05-common-tech-and-ware.md#common-tech--ware	tecnologias--implantes-comuns
16/05-common-tech-and-ware.md#standard-augmentations	ampliações-comuns
16/05-common-tech-and-ware.md#everyday-technology	tecnologia-cotidiana
16/06-sensory-augmentations.md#sensory-augmentations	ampliações-sensoriais
16/07-senses-and-sensors.md#senses-and-sensors	sentidos-e-sensores
16/07-senses-and-sensors.md#sensory-databases	bases-de-dados-sensoriais
16/07-senses-and-sensors.md#active-vs-passive	ativo-vs-passivo
16/07-senses-and-sensors.md#the-electromagnetic-spectrum	o-espectro-eletromagnético
16/07-senses-and-sensors.md#lidar	lidar
16/07-senses-and-sensors.md#mesh-tomography	tomografia-da-mesh
16/07-senses-and-sensors.md#soundwaves	ondas-sonoras
16/07-senses-and-sensors.md#combined-sensor-systems	sistemas-de-sensores-combinados
16/08-mental-augmentations.md#mental-augmentations	ampliações-mentais
16/08-mental-augmentations.md#skillsofts	periciapps
16/09-social-augmentations.md#social-augmentations	ampliações-sociais
16/10-combat-augmentations.md#combat-augmentations	ampliações-de-combate
16/11-physical-augmentations.md#physical-augmentations	ampliações-físicas
16/12-meshware.md#meshware	meshimplantes
16/13-apps-and-alis.md#apps--alis	apps--ilas
16/13-apps-and-alis.md#apps	apps
16/13-apps-and-alis.md#alis-and-muses	ilas-e-musas
16/13-apps-and-alis.md#scorchers	aflitivos
16/13-apps-and-alis.md#tactical-networks	redes-táticas
16/14-creatures.md#creatures	criaturas
16/14-creatures.md#genetically-modified-organisms	organismos-geneticamente-modificados
16/14-creatures.md#smart-animals	animais-inteligentes
16/14-creatures.md#xenofauna	xenofauna
16/15-chemicals-drugs-and-toxins.md#chemicals-drugs--toxins	químicos-drogas--toxinas
16/15-chemicals-drugs-and-toxins.md#drug-and-toxin-rules	regras-de-drogas-e-toxinas
16/15-chemicals-drugs-and-toxins.md#types	tipos
16/15-chemicals-drugs-and-toxins.md#application-methods	métodos-de-aplicação
16/15-chemicals-drugs-and-toxins.md#onset-times	períodos-de-latência
16/15-chemicals-drugs-and-toxins.md#effects	efeitos
16/15-chemicals-drugs-and-toxins.md#addiction-and-abuse	vício-e-abuso
16/15-chemicals-drugs-and-toxins.md#chemicals	químicos
16/15-chemicals-drugs-and-toxins.md#cognitive-drugs	drogas-cognitivas
16/15-chemicals-drugs-and-toxins.md#combat-drugs	drogas-de-combate
16/15-chemicals-drugs-and-toxins.md#health-drugs	drogas-de-saúde
16/15-chemicals-drugs-and-toxins.md#nanodrugs	nanodrogas
16/15-chemicals-drugs-and-toxins.md#narcoalgorithms	narcoalgoritmos
16/15-chemicals-drugs-and-toxins.md#petals	pétalas
16/15-chemicals-drugs-and-toxins.md#psi-drugs	drogas-psi
16/15-chemicals-drugs-and-toxins.md#recreational-drugs	drogas-recreativas
16/15-chemicals-drugs-and-toxins.md#social-drugs	drogas-sociais
16/15-chemicals-drugs-and-toxins.md#toxins	toxinas
16/15-chemicals-drugs-and-toxins.md#antidotes	antídotos
16/15-chemicals-drugs-and-toxins.md#nanotoxins	nanotoxinas
16/16-comms-and-mesh-gear.md#comms--mesh-gear	equipamentos-de-comunicação--mesh
16/16-comms-and-mesh-gear.md#radio-and-sensor-ranges	alcances-de-rádios-e-sensores
16/16-comms-and-mesh-gear.md#communications	comunicações
16/16-comms-and-mesh-gear.md#neutrino-communicators	comunicadores-de-neutrinos
16/16-comms-and-mesh-gear.md#quantum-farcasters	longiprojetores-quânticos
16/16-comms-and-mesh-gear.md#quantum-entangled-communication	comunicação-de-entrelaçamento-quântico
16/16-comms-and-mesh-gear.md#mesh-hardware	aparelhos-da-mesh
16/17-espionage-and-security-tech.md#espionage--security-tech	tecnologias-de-espionagem--segurança
16/18-mission-gear.md#mission-gear	equipamentos-de-missão
16/18-mission-gear.md#exploration-tools	ferramentas-de-exploração
16/18-mission-gear.md#salvage-tools	ferramentas-de-recuperação
16/18-mission-gear.md#science-tools	ferramentas-científicas
16/18-mission-gear.md#survival-tools	ferramentas-de-sobrevivência
16/18-mission-gear.md#vacsuits	trajes-de-vácuo
16/19-nanotech.md#nanotech	nanotecnologia
16/19-nanotech.md#hives	colmeias
16/19-nanotech.md#nanofabricators	nanofabricadores
16/19-nanotech.md#specialized-nanofabricators	nanofabricadores-especializados
16/20-nanoswarms-and-microswarms.md#nanoswarms--microswarms	nanoenxames--microenxames
16/20-nanoswarms-and-microswarms.md#swarm-rules	regras-de-enxames
16/20-nanoswarms-and-microswarms.md#swarm-units	unidades-de-enxames
16/20-nanoswarms-and-microswarms.md#splittingcombining	dividindocombinando
16/20-nanoswarms-and-microswarms.md#movement	movimento
16/20-nanoswarms-and-microswarms.md#commanding-swarms	comandando-enxames
16/20-nanoswarms-and-microswarms.md#limitations	limitações
16/20-nanoswarms-and-microswarms.md#swarm-combat	combate-de-enxames
16/20-nanoswarms-and-microswarms.md#ware	implantes
16/20-nanoswarms-and-microswarms.md#attrition	desgaste
16/20-nanoswarms-and-microswarms.md#swarms	enxames
16/21-robots.md#robots	robôs
16/21-robots.md#robot-ware	implantes-robóticos
16/21-robots.md#remote-operations	operação-remota
16/21-robots.md#autonomous-mode	modo-autônomo
16/21-robots.md#jamming	encarnação
16/21-robots.md#combat-bots	bots-de-combate
16/21-robots.md#exploration-bots	bots-de-exploração
16/21-robots.md#medical-bots	bots-médicos
16/21-robots.md#personal-bots	bots-pessoais
16/21-robots.md#reconsurveillance-bots	bots-de-reconhecimentovigilância
16/21-robots.md#utility-bots	bots-utilitários
16/22-vehicles.md#vehicles	veículos
16/22-vehicles.md#vehicle-ware	implantes-veiculares
16/22-vehicles.md#vehicle-hardware	equipoimplantes-veiculares
16/22-vehicles.md#aircraft	aeronaves
16/22-vehicles.md#exoskeletons	exoesqueletos
16/22-vehicles.md#groundcraft	veículos-terrestres
16/22-vehicles.md#hardsuits	trajes-rígidos
16/22-vehicles.md#hybrid-vehicles	veículos-híbridos
16/22-vehicles.md#nautical-craft	veículos-náuticos
16/22-vehicles.md#personal-transport-devices	dispositivos-de-transporte-pessoal
16/22-vehicles.md#spacecraft	espaçonaves
17/00-running-the-game.md#running-the-game	conduzindo-o-jogo
17/01-ad-astra.md#ad-astra	ad-astra
17/01-ad-astra.md#the-elevator-pitch	a-abordagem
17/01-ad-astra.md#the-first-session	a-primeira-sessão
17/01-ad-astra.md#using-the-sample-character-teams	usando-equipes-de-personagens-prontos
17/01-ad-astra.md#in-media-res	in-media-res
17/01-ad-astra.md#tech-talk	papo-tecnológico
17/01-ad-astra.md#prepping-your-campaign	preparando-sua-campanha
17/01-ad-astra.md#wheres-home-base	onde-é-sua-base-de-operações
17/01-ad-astra.md#whats-your-theme	qual-é-o-seu-tema
17/01-ad-astra.md#whats-your-team-composition	qual-é-a-composição-da-sua-equipe
17/01-ad-astra.md#creating-characters	criando-personagens
18/00-threats-and-x-risks.md#threats--x-risks	ameaças--riscos-x
19/00-appendices.md#appendices	apêndices
19/01-glossary.md#glossary	glossário
19/02-references.md#references	referências
19/02-references.md#fiction	ficção
19/02-references.md#comics-and-graphic-novels	quadrinhos-e-graphics-novels
19/02-references.md#non-fiction	não-ficção
19/02-references.md#roleplaying-games	jogos-de-rpg
19/02-references.md#movies--television	filmes--televisão
19/03-index.md#index	índice
19/04-complete-list-of-mesh-actions.md#complete-list-of-mesh-actions	lista-completa-de-ações-da-mesh
19/04-complete-list-of-mesh-actions.md#universal-actions	ações-universais
19/04-complete-list-of-mesh-actions.md#security-actions	ações-de-segurança
19/04-complete-list-of-mesh-actions.md#admin-actions	ações-de-administrador
19/04-complete-list-of-mesh-actions.md#hacking-actions	ações-de-hackeamento
19/04-complete-list-of-mesh-actions.md#mindware-hacking	hackeamento-de-implante-mental
19/04-complete-list-of-mesh-actions.md#simulspace-user-actions	ações-de-usuário-de-simulespaço
19/04-complete-list-of-mesh-actions.md#simulspace-admincheat-actions	ações-de-administradortrapaça-de-simulespaço
19/04-complete-list-of-mesh-actions.md#simple-hacking	hackeamento-simples
19/04-complete-list-of-mesh-actions.md#consolidated-hacking	hackeamento-consolidado
19/05-complete-list-of-morphs.md#complete-list-of-morphs	lista-completa-de-morfos
19/06-rules-primmer.md#rules-primer	regras-básicas
19/06-rules-primmer.md#ego-vs-morph	ego-vs-morfo
19/06-rules-primmer.md#making-tests	fazendo-testes
19/06-rules-primmer.md#roll-d100-099	rolagem-d100-0-99
19/06-rules-primmer.md#opposed-tests	testes-opostos
19/06-rules-primmer.md#modifiers	modificadores
19/06-rules-primmer.md#specializations	especializações
19/06-rules-primmer.md#superior-results	resultados-maiores
19/06-rules-primmer.md#critical-results	resultados-críticos
19/06-rules-primmer.md#teamwork	trabalho-em-equipe
19/06-rules-primmer.md#action-turns	turnos-de-ação
19/06-rules-primmer.md#task-actions	ações-de-tarefa
19/06-rules-primmer.md#initiative	iniciativa
19/06-rules-primmer.md#using-rep	usando-rep
19/06-rules-primmer.md#using-pools	usando-paradas
19/06-rules-primmer.md#insight	inspiração
19/06-rules-primmer.md#moxie	manha
19/06-rules-primmer.md#vigor	vigor
19/06-rules-primmer.md#flex	flex
19/06-rules-primmer.md#recharging-pools	recarregando-paradas
19/06-rules-primmer.md#combat	combate
19/06-rules-primmer.md#hacking	hackeamento
19/07-character-sheet.md#character-sheet	ficha-de-personagem
buy-the-book.md#buy-the-book	compre-o-livro
license.md#license--credits	licença--créditos
license.md#full-list-of-credits	lista-completa-de-créditos
SUPP/00-supplements.md#supplements	suplementos
SUPP/01-MS/00-multiplicy-and-synthesis.md#multiplicity--synthesis	multiplicidade--síntese
SUPP/01-MS/00-multiplicy-and-synthesis.md#license--credits	licença--créditos
SUPP/01-MS/00-multiplicy-and-synthesis.md#full-list-of-credits	lista-completa-de-créditos
SUPP/01-MS/00-multiplicy-and-synthesis.md#table-of-contents	sumário
SUPP/02-CO/00-character-options.md#character-options	opções-para-personagens
SUPP/02-CO/00-character-options.md#license--credits	licença--créditos
SUPP/02-CO/00-character-options.md#full-list-of-credits	lista-completa-de-créditos
SUPP/02-CO/01/00-life-path-character.md#life-path	trajetória-de-vida
SUPP/02-CO/01/01-life-path-character-creation.md#life-path-character-creation	criação-de-personagem-por-trajetória-de-vida
SUPP/02-CO/01/01-life-path-character-creation.md#overview	visão-geral
SUPP/02-CO/01/01-life-path-character-creation.md#life-path-step-by-step	passo-a-passo-da-trajetória-de-vida
SUPP/02-CO/01/01-life-path-character-creation.md#balance-and-fairness	equilíbrio-e-equidade
SUPP/02-CO/01/01-life-path-character-creation.md#accumulating-points	acumulando-pontos
SUPP/02-CO/01/01-life-path-character-creation.md#trait-levels	níveis-de-traço
SUPP/02-CO/01/01-life-path-character-creation.md#changing-morphs	trocando-morfos
SUPP/02-CO/01/01-life-path-character-creation.md#this-is-your-life	esta-é-a-sua-vida
SUPP/02-CO/01/01-life-path-character-creation.md#motivations	motivações
SUPP/02-CO/01/01-life-path-character-creation.md#random-motivations-d100	motivação-aleatória-d100
SUPP/02-CO/01/01-life-path-character-creation.md#a-word-on-safety	uma-palavra-sobre-segurança
SUPP/02-CO/01/01-life-path-character-creation.md#optional-rule-using-flex	regra-opcional-usando-flex
SUPP/02-CO/01/02-step-1-flex.md#step-1-flex	passo-1-flex
SUPP/02-CO/01/03-step-2-aptitude-template.md#step-2-aptitude-template	passo-2-modelo-de-aptidões
SUPP/02-CO/01/03-step-2-aptitude-template.md#random-aptitude-template-d10	modelo-de-aptidões-aleatório-d10
SUPP/02-CO/01/04-step-3-native-tongue.md#step-3-native-tongue	passo-3-língua-nativa
SUPP/02-CO/01/04-step-3-native-tongue.md#random-language-d100	idioma-aleatório-d100
SUPP/02-CO/01/05-step-4-background-path.md#step-4-background-path	passo-4-trajetória-antecedente
SUPP/02-CO/01/05-step-4-background-path.md#random-background-path-d10	trajetória-antecedente-aleatória-d10
SUPP/02-CO/01/05-step-4-background-path.md#colonist-d100	colono-d100
SUPP/02-CO/01/05-step-4-background-path.md#lunar	lunar
SUPP/02-CO/01/05-step-4-background-path.md#martian	marciano
SUPP/02-CO/01/05-step-4-background-path.md#orbital	orbital
SUPP/02-CO/01/05-step-4-background-path.md#rimward-colonist	colono-da-limiárea
SUPP/02-CO/01/05-step-4-background-path.md#rural-martian	marciano-rural
SUPP/02-CO/01/05-step-4-background-path.md#spacer	espaçonauta
SUPP/02-CO/01/05-step-4-background-path.md#sunward-colonist	colono-da-solárea
SUPP/02-CO/01/05-step-4-background-path.md#enclaver-d100	enclavado-d100
SUPP/02-CO/01/05-step-4-background-path.md#ascendor	ascendente
SUPP/02-CO/01/05-step-4-background-path.md#corporate-drifter	itinerante-corporativo
SUPP/02-CO/01/05-step-4-background-path.md#corporate-favorite	favorito-corporativo
SUPP/02-CO/01/05-step-4-background-path.md#inheritor	herdeiro
SUPP/02-CO/01/05-step-4-background-path.md#opportunist	oportunista
SUPP/02-CO/01/05-step-4-background-path.md#freelancer-d100	freelancer-d100
SUPP/02-CO/01/05-step-4-background-path.md#nomad	nômade
SUPP/02-CO/01/05-step-4-background-path.md#precarious	precário
SUPP/02-CO/01/05-step-4-background-path.md#self-reliant	autossuficiente
SUPP/02-CO/01/05-step-4-background-path.md#steady	estável
SUPP/02-CO/01/05-step-4-background-path.md#surrounded-by-wolves	cercado-por-lobos
SUPP/02-CO/01/05-step-4-background-path.md#hyperelite-d100	hiperelite-d100
SUPP/02-CO/01/05-step-4-background-path.md#breakthrough	inovação
SUPP/02-CO/01/05-step-4-background-path.md#hypercorp-royalty	realeza-hipercorp
SUPP/02-CO/01/05-step-4-background-path.md#media-famous	famoso-da-mídia
SUPP/02-CO/01/05-step-4-background-path.md#oligarch-dynasty	dinastia-oligarca
SUPP/02-CO/01/05-step-4-background-path.md#space-entrepreneur	empreendedor-espacial
SUPP/02-CO/01/05-step-4-background-path.md#indenture-d100	arrendado-d100
SUPP/02-CO/01/05-step-4-background-path.md#drone-operator	operador-de-drone
SUPP/02-CO/01/05-step-4-background-path.md#educator	educador
SUPP/02-CO/01/05-step-4-background-path.md#emancipated	emancipado
SUPP/02-CO/01/05-step-4-background-path.md#labor-camps	campos-de-trabalho
SUPP/02-CO/01/05-step-4-background-path.md#private-staff	equipe-particular
SUPP/02-CO/01/05-step-4-background-path.md#vac-worker	peão-de-vácuo
SUPP/02-CO/01/05-step-4-background-path.md#virtual-worker	trabalhador-virtual
SUPP/02-CO/01/05-step-4-background-path.md#infolife-d100	infovida-d100
SUPP/02-CO/01/05-step-4-background-path.md#anomaly	anomalia
SUPP/02-CO/01/05-step-4-background-path.md#emergent-uplift	elevação-emergente
SUPP/02-CO/01/05-step-4-background-path.md#humanities-agi	iga-humanista
SUPP/02-CO/01/05-step-4-background-path.md#machine-agi	iga-maquinista
SUPP/02-CO/01/05-step-4-background-path.md#part-human	parte-humano
SUPP/02-CO/01/05-step-4-background-path.md#research-agi	iga-pesquisadora
SUPP/02-CO/01/05-step-4-background-path.md#isolate-d100	isolado-d100
SUPP/02-CO/01/05-step-4-background-path.md#drifter	errante
SUPP/02-CO/01/05-step-4-background-path.md#religious-sect	seita-religiosa
SUPP/02-CO/01/05-step-4-background-path.md#separatist	separatista
SUPP/02-CO/01/05-step-4-background-path.md#survivalist	sobrevivencialista
SUPP/02-CO/01/05-step-4-background-path.md#lost-d100	perdido-d100
SUPP/02-CO/01/05-step-4-background-path.md#alien-mind	mente-alienígena
SUPP/02-CO/01/05-step-4-background-path.md#disturbed-child	criança-perturbada
SUPP/02-CO/01/05-step-4-background-path.md#long-past-normal	muito-além-do-normal
SUPP/02-CO/01/05-step-4-background-path.md#masked-monster	monstro-mascarado
SUPP/02-CO/01/05-step-4-background-path.md#twisted-experiment	experimento-perverso
SUPP/02-CO/01/05-step-4-background-path.md#underclass-d100	miserável-d100
SUPP/02-CO/01/05-step-4-background-path.md#criminal	criminoso
SUPP/02-CO/01/05-step-4-background-path.md#radical	radical
SUPP/02-CO/01/05-step-4-background-path.md#refugee	refugiado
SUPP/02-CO/01/05-step-4-background-path.md#street-rat	rato-de-rua
SUPP/02-CO/01/05-step-4-background-path.md#survivor	sobrevivente
SUPP/02-CO/01/05-step-4-background-path.md#uplift-d100	elevado-d100
SUPP/02-CO/01/05-step-4-background-path.md#escapee	fugitivo
SUPP/02-CO/01/05-step-4-background-path.md#feral	selvagem
SUPP/02-CO/01/05-step-4-background-path.md#lab-rat	rato-de-laboratório
SUPP/02-CO/01/05-step-4-background-path.md#model-specimen	espécime-modelo
SUPP/02-CO/01/10-step-9-career-path.md#step-9-career-path	passo-9-trajetória-da-carreira
SUPP/02-CO/01/10-step-9-career-path.md#random-career-path-d10--d10	trajetória-da-carreira-aleatória-d10--d10
SUPP/02-CO/01/10-step-9-career-path.md#academic-d100	acadêmico-d100
SUPP/02-CO/01/10-step-9-career-path.md#archivist	arquivista
SUPP/02-CO/01/10-step-9-career-path.md#professor	professor
SUPP/02-CO/01/10-step-9-career-path.md#researcher	pesquisador
SUPP/02-CO/01/10-step-9-career-path.md#covert-operative-d100	agente-infiltrado-d100
SUPP/02-CO/01/10-step-9-career-path.md#smuggler	contrabandista
SUPP/02-CO/01/10-step-9-career-path.md#spy	espião
SUPP/02-CO/01/10-step-9-career-path.md#thief	ladrão
SUPP/02-CO/01/10-step-9-career-path.md#enforcer-d100	capanga-d100
SUPP/02-CO/01/10-step-9-career-path.md#autonomist-militia	milícia-autonomista
SUPP/02-CO/01/10-step-9-career-path.md#cartel-goon	jagunço-do-cartel
SUPP/02-CO/01/10-step-9-career-path.md#gang-member	membro-de-gangue
SUPP/02-CO/01/10-step-9-career-path.md#explorer-d100	explorador-d100
SUPP/02-CO/01/10-step-9-career-path.md#crew	tripulação
SUPP/02-CO/01/10-step-9-career-path.md#scout	batedor
SUPP/02-CO/01/10-step-9-career-path.md#search-and-rescue	busca-e-resgate
SUPP/02-CO/01/10-step-9-career-path.md#face-d100	malandro-d100
SUPP/02-CO/01/10-step-9-career-path.md#con-artist	golpista
SUPP/02-CO/01/10-step-9-career-path.md#fixer	intermediário
SUPP/02-CO/01/10-step-9-career-path.md#negotiator	negociador
SUPP/02-CO/01/10-step-9-career-path.md#genehacker-d100	hacker-genético-d100
SUPP/02-CO/01/10-step-9-career-path.md#astrobiologist	astrobiologista
SUPP/02-CO/01/10-step-9-career-path.md#bio-tinkerer	bioinventor
SUPP/02-CO/01/10-step-9-career-path.md#uplift-specialist	especialista-em-elevados
SUPP/02-CO/01/10-step-9-career-path.md#hacker-d100	hacker-d100
SUPP/02-CO/01/10-step-9-career-path.md#blue-team	equipe-azul
SUPP/02-CO/01/10-step-9-career-path.md#digital-intruder	invasor-digital
SUPP/02-CO/01/10-step-9-career-path.md#hacktivist	hacktivista
SUPP/02-CO/01/10-step-9-career-path.md#investigator-d100	investigador-d100
SUPP/02-CO/01/10-step-9-career-path.md#detective	detetive
SUPP/02-CO/01/10-step-9-career-path.md#ego-hunter	caçador-de-ego
SUPP/02-CO/01/10-step-9-career-path.md#journalist	jornalista
SUPP/02-CO/01/10-step-9-career-path.md#medic-d100	médico-d100
SUPP/02-CO/01/10-step-9-career-path.md#morph-tech	técnico-de-morfos
SUPP/02-CO/01/10-step-9-career-path.md#paramedic	paramédico
SUPP/02-CO/01/10-step-9-career-path.md#physician	clínico
SUPP/02-CO/01/10-step-9-career-path.md#mindhacker-d100	hacker-mental-d100
SUPP/02-CO/01/10-step-9-career-path.md#memeticist	memeticista
SUPP/02-CO/01/10-step-9-career-path.md#psychosurgeron	psicocirugião
SUPP/02-CO/01/10-step-9-career-path.md#psychotherapist	psicoterapeuta
SUPP/02-CO/01/10-step-9-career-path.md#scavenger-d100	sucateiro-d100
SUPP/02-CO/01/10-step-9-career-path.md#junk-dealer	comerciante-de-sucata
SUPP/02-CO/01/10-step-9-career-path.md#salvage-crew	equipe-de-recuperação
SUPP/02-CO/01/10-step-9-career-path.md#zone-stalker	espreitador-das-zonas
SUPP/02-CO/01/10-step-9-career-path.md#scientist-d100	cientista-d100
SUPP/02-CO/01/10-step-9-career-path.md#field-scientist	cientista-de-campo
SUPP/02-CO/01/10-step-9-career-path.md#physicist	físico
SUPP/02-CO/01/10-step-9-career-path.md#xeno-archeologist	xenoarqueólogo
SUPP/02-CO/01/10-step-9-career-path.md#soldier-d100	soldado-d100
SUPP/02-CO/01/10-step-9-career-path.md#bodyguard	guarda-costas
SUPP/02-CO/01/10-step-9-career-path.md#mercenary	mercenário
SUPP/02-CO/01/10-step-9-career-path.md#operative	operativo
SUPP/02-CO/01/10-step-9-career-path.md#techie-d100	técnico-d100
SUPP/02-CO/01/10-step-9-career-path.md#artifex	artifex
SUPP/02-CO/01/10-step-9-career-path.md#hab-tech	téc-hab
SUPP/02-CO/01/10-step-9-career-path.md#robotocist	roboticista
SUPP/02-CO/01/20-morph-tables.md#morph-tables	tabelas-de-morfos
SUPP/02-CO/01/20-morph-tables.md#morph-type-d100	tipo-de-morfo-d100
SUPP/02-CO/01/20-morph-tables.md#biomorphs-d100	biomorfos-d100
SUPP/02-CO/01/20-morph-tables.md#uplift-biomorphs-d100	biomorfos-elevados-d100
SUPP/02-CO/01/20-morph-tables.md#pod-or-exomorph-biomorphs-d100	biomorfos-prod-ou-exomorfos-d100
SUPP/02-CO/01/20-morph-tables.md#synthmorphs-d100	sintemorfos-d100
SUPP/02-CO/01/20-morph-tables.md#flexbot-modules-d100	módulos-flexbot-d100
SUPP/02-CO/01/20-morph-tables.md#infomorphs-or-core-morphs-d100	infomorfos-ou-nucleomorfos-d100
SUPP/02-CO/01/20-morph-tables.md#axles-d100	axiais-d100
SUPP/02-CO/03/00-morph-recognition-guide.md#morph-recognition-guide	guia-de-reconhecimento-de-morfos